id,external_no,name,type_code,type_name,district_name,rural_okrug,lat,lon,year_built,water_source,capacity_m3s,length_total_km,length_earth_km,length_lined_km,suspended_area_ha,efficiency_design,efficiency_actual,efficiency_drop,wear_percent,age,tech_state_raw,cadastral_no,state_act
1,1.0,Канал №1 (Район 1),canal,Канал,Район 1,Сельский округ 1,43.158396,69.542718,1973.0,р. Иртыш,3.0,7.74,,7.74,,0.85,0.73,0.12,0.3,53.0,удов.,Кадастровый № 0001,
2,2.0,Канал №2 (Район 2),canal,Канал,Район 2,Сельский округ 2,43.487285,69.503412,1945.0,р. Иртыш,1.5,6.8,,6.8,1236.0,0.85,0.6,0.25,0.3,81.0,удов.,Кадастровый № 0002,Госакт № 0002
3,3.0,Канал №3 (Район 3),canal,Канал,Район 3,Сельский округ 3,43.400287,72.395995,1928.0,р. Иртыш,1.0,10.7,10.7,,756.0,0.75,0.59,0.16000000000000003,0.3,98.0,удов.,Кадастровый № 0003,Госакт № 0003
4,4.0,Канал №4 (Район 4),canal,Канал,Район 4,Сельский округ 4,43.636024,70.631811,1955.0,р. Иртыш,1.2,12.9,12.9,,1232.0,0.7,0.54,0.15999999999999992,0.3,71.0,удов.,Кадастровый № 0004,Госакт № 0004
5,5.0,Канал №5 (Район 5),canal,Канал,Район 5,Сельский округ 5,42.620987,70.533311,1982.0,р. Иртыш,10.0,4.024,3.874,0.15,,0.8,0.6,0.20000000000000007,0.3,44.0,удов.,Кадастровый № 0005,Госакт № 0005
6,6.0,Канал №6 (Район 6),canal,Канал,Район 6,Сельский округ 6,43.099456,72.278071,1930.0,р. Иртыш,2.0,7.0,7.0,,1600.0,0.75,0.58,0.17000000000000004,0.3,96.0,удов.,Кадастровый № 0006,Госакт № 0006
7,7.0,Канал №7 (Район 7),canal,Канал,Район 7,Сельский округ 7,43.426488,71.475152,1930.0,р. Иртыш,3.0,10.0,10.0,,,0.75,0.66,0.08999999999999997,0.3,96.0,удов.,Кадастровый № 0007,Госакт № 0007
8,8.0,Канал №8 (Район 8),canal,Канал,Район 8,Сельский округ 8,43.612241,73.852879,1953.0,р. Иртыш,0.6,7.0,7.0,,373.0,0.68,0.54,0.14,0.3,73.0,удов.,Кадастровый № 0008,Госакт № 0008
9,9.0,Канал №9 (Район 9),canal,Канал,Район 9,Сельский округ 9,44.992573,69.924587,1943.0,р. Иртыш,0.1,4.025,4.025,,44.0,0.85,0.73,0.12,0.3,83.0,удов.,Кадастровый № 0009,Госакт № 0009
10,10.0,Канал №10 (Район 10),canal,Канал,Район 10,Сельский округ 10,42.727402,71.734273,,р. Иртыш,0.0,8.0,8.0,,0.0,0.85,0.73,0.12,1.3,,удов.,Кадастровый № 0010,Госакт № 0010
11,11.0,Канал №11 (Район 11),canal,Канал,Район 11,Сельский округ 11,43.06235,73.85278,1987.0,р. Иртыш,0.35,7.718,7.718,,253.0,0.72,0.4,0.31999999999999995,0.3,39.0,удов.,Кадастровый № 0011,Госакт № 0011
12,12.0,Канал №12 (Район 12),canal,Канал,Район 12,Сельский округ 12,42.728992,70.57072,1987.0,р. Иртыш,0.28,2.427,2.427,,166.0,0.72,0.4,0.31999999999999995,0.3,39.0,удов.,Кадастровый № 0012,Госакт № 0012
13,13.0,Канал №13 (Район 13),canal,Канал,Район 13,Сельский округ 13,44.258313,73.96046,1964.0,р. Иртыш,0.2,7.41,7.41,,100.0,0.72,0.4,0.31999999999999995,0.3,62.0,удов.,Кадастровый № 0013,Госакт № 0013
14,14.0,Канал №14 (Район 14),canal,Канал,Район 14,Сельский округ 14,44.776099,71.004051,1964.0,р. Иртыш,0.1,1.742,,1.742,50.0,0.8,0.6,0.20000000000000007,0.3,62.0,удов.,Кадастровый № 0014,Госакт № 0014
15,15.0,Канал №15 (Район 15),canal,Канал,Район 15,Сельский округ 15,43.962796,70.632822,1943.0,р. Иртыш,12.0,23.75,8.8,14.95,,0.8,0.73,0.07000000000000006,0.3,83.0,удов.,,
16,16.0,Канал №16 (Район 16),canal,Канал,Район 16,Сельский округ 16,44.113035,73.547585,,р. Иртыш,,1.2,1.2,,,,,,,,,Кадастровый № 0016,Госакт № 0016
17,17.0,Канал №17 (Район 17),canal,Канал,Район 17,Сельский округ 17,43.591475,73.632979,1986.0,р. Иртыш,39.0,6.3,,6.3,,0.85,0.6,0.25,0.3,40.0,удов.,Кадастровый № 0017,Госакт № 0017
18,18.0,Канал №18 (Район 18),canal,Канал,Район 18,Сельский округ 18,44.08594,70.363813,1985.0,р. Иртыш,19.0,36.14,,36.14,,,,,0.3,41.0,удов.,Кадастровый № 0018,Госакт № 0018
19,19.0,Канал №19 (Район 19),canal,Канал,Район 19,Сельский округ 19,43.650241,70.717453,1982.0,р. Иртыш,1.5,18.36,18.36,,1267.0,0.72,0.4,0.31999999999999995,0.3,44.0,удов.,Кадастровый № 0019,Госакт № 0019
20,20.0,Канал №20 (Район 20),canal,Канал,Район 20,Сельский округ 20,43.34276,71.504708,1910.0,р. Иртыш,3.0,21.9,21.9,,,0.72,0.4,0.31999999999999995,0.3,116.0,удов.,Кадастровый № 0020,Госакт № 0020
21,21.0,Канал №21 (Район 21),canal,Канал,Район 21,Сельский округ 21,43.284551,72.505931,1916.0,р. Иртыш,3.0,18.3,18.3,,,0.72,0.4,0.31999999999999995,0.3,110.0,удов.,Кадастровый № 0021,Госакт № 0021
22,22.0,Канал №22 (Район 22),canal,Канал,Район 22,Сельский округ 22,43.621397,72.84924,1985.0,р. Иртыш,0.5,9.4,,9.4,890.0,0.85,0.6,0.25,0.3,41.0,удов.,Кадастровый № 0022,Госакт № 0022
23,23.0,Канал №23 (Район 23),canal,Канал,Район 23,Сельский округ 23,43.351289,69.563667,1908.0,р. Иртыш,2.0,12.9,12.9,,1557.0,0.72,0.4,0.31999999999999995,0.3,118.0,удов.,Кадастровый № 0023,Госакт № 0023
24,24.0,Канал №24 (Район 24),canal,Канал,Район 24,Сельский округ 24,42.704096,70.999663,1920.0,р. Иртыш,2.2,9.738,,9.738,1048.0,0.85,0.6,0.25,0.3,106.0,удов.,Кадастровый № 0024,Госакт № 0024
25,25.0,Канал №25 (Район 25),canal,Канал,Район 25,Сельский округ 25,44.993714,71.54801,1963.0,р. Иртыш,0.5,3.769,3.769,,268.0,0.72,0.4,0.31999999999999995,0.3,63.0,удов.,Кадастровый № 0025,Госакт № 0025
26,26.0,Канал №26 (Район 26),canal,Канал,Район 26,Сельский округ 26,43.863015,72.03848,1970.0,р. Иртыш,2.0,3.972,3.972,,,0.72,0.4,0.31999999999999995,0.3,56.0,удов.,Кадастровый № 0026,Госакт № 0026
27,27.0,Канал №27 (Район 27),canal,Канал,Район 27,Сельский округ 27,44.610191,72.962959,1970.0,р. Иртыш,2.0,12.643,12.643,,,0.72,0.4,0.31999999999999995,0.3,56.0,удов.,Кадастровый № 0027,Госакт № 0027
28,28.0,Канал №28 (Район 28),canal,Канал,Район 28,Сельский округ 28,42.536538,70.006976,1910.0,р. Иртыш,2.0,10.2,10.2,,836.0,0.6,0.9,-0.30000000000000004,0.3,116.0,не удов.,Кадастровый № 0028,Госакт № 0028
29,29.0,Канал №29 (Район 29),canal,Канал,Район 29,Сельский округ 29,43.643159,70.398951,1935.0,р. Иртыш,1.5,7.5,7.5,,819.0,0.72,0.4,0.31999999999999995,0.3,91.0,удов.,Кадастровый № 0029,Госакт № 0029
30,30.0,Канал №30 (Район 30),canal,Канал,Район 30,Сельский округ 30,44.24916,73.786361,1979.0,р. Иртыш,2.0,9.064,,9.064,1990.0,0.85,0.6,0.25,0.3,47.0,удов.,Кадастровый № 0030,Госакт № 0030
31,31.0,Канал №31 (Район 31),canal,Канал,Район 31,Сельский округ 31,43.572571,71.27616,1948.0,р. Иртыш,1.5,6.9,6.9,,1000.0,0.72,0.4,0.31999999999999995,0.3,78.0,удов.,Кадастровый № 0031,Госакт № 0031
32,32.0,Канал №32 (Район 32),canal,Канал,Район 32,Сельский округ 32,44.255447,73.515811,1964.0,р. Иртыш,2.5,19.05,7.12,11.93,1684.0,0.85,0.6,0.25,0.3,62.0,удов.,Кадастровый № 0032,Госакт № 0032
33,33.0,Канал №33 (Район 33),canal,Канал,Район 33,Сельский округ 33,43.504008,71.054908,1960.0,р. Иртыш,2.0,10.1,4.6,5.5,854.0,0.72,0.4,0.31999999999999995,0.3,66.0,удов.,Кадастровый № 0033,Госакт № 0033
34,34.0,Канал №34 (Район 34),canal,Канал,Район 34,Сельский округ 34,44.469378,72.539463,1928.0,р. Иртыш,6.0,4.5,4.5,,2080.0,0.71,0.9,-0.19000000000000006,0.3,98.0,удов.,Кадастровый № 0034,Госакт № 0034
35,35.0,Канал №35 (Район 35),canal,Канал,Район 35,Сельский округ 35,43.952812,71.237769,1934.0,р. Иртыш,2.5,2.442,2.442,,201.0,0.72,0.4,0.31999999999999995,0.3,92.0,удов.,Кадастровый № 0035,Госакт № 0035
36,36.0,Канал №36 (Район 36),canal,Канал,Район 36,Сельский округ 36,43.188407,72.056642,1975.0,р. Иртыш,3.0,7.7,,7.7,,0.7,0.9,-0.20000000000000007,0.3,51.0,не удов.,Кадастровый № 0036,Госакт № 0036
37,37.0,Канал №37 (Район 37),canal,Канал,Район 37,Сельский округ 37,43.785679,70.026822,1946.0,р. Иртыш,3.0,3.5,,3.5,,0.6,0.9,-0.30000000000000004,0.3,80.0,не удов.,Кадастровый № 0037,Госакт № 0037
38,38.0,Канал №38 (Район 38),canal,Канал,Район 38,Сельский округ 38,44.099432,74.401092,1985.0,р. Иртыш,3.5,15.0,15.0,,600.0,0.6,0.9,-0.30000000000000004,0.3,41.0,не удов.,Кадастровый № 0038,Госакт № 0038
39,39.0,Канал №39 (Район 39),canal,Канал,Район 39,Сельский округ 39,44.277126,72.064519,1946.0,р. Иртыш,3.5,8.8,,8.8,369.0,0.6,0.9,-0.30000000000000004,0.3,80.0,не удов.,Кадастровый № 0039,Госакт № 0039
40,40.0,Канал №40 (Район 40),canal,Канал,Район 40,Сельский округ 40,42.632256,73.325747,,р. Иртыш,5.0,1.5,1.5,,,0.72,0.4,0.31999999999999995,0.3,,удов.,Кадастровый № 0040,Госакт № 0040
41,41.0,Канал №41 (Район 41),canal,Канал,Район 41,Сельский округ 41,42.573798,70.267168,1985.0,р. Иртыш,6.5,6.4,,6.4,2168.0,0.85,0.6,0.25,0.3,41.0,удов.,Кадастровый № 0041,Госакт № 0041
42,42.0,Канал №42 (Район 42),canal,Канал,Район 42,Сельский округ 42,43.185973,72.738765,1965.0,р. Иртыш,4.5,15.9,,15.9,,0.85,0.6,0.25,0.2,61.0,удов.,Кадастровый № 0042,Госакт № 0042
43,43.0,Канал №43 (Район 43),canal,Канал,Район 43,Сельский округ 43,44.521343,72.752695,1969.0,р. Иртыш,3.5,11.7,,11.7,,0.85,0.6,0.25,0.3,57.0,удов.,Кадастровый № 0043,Госакт № 0043
44,44.0,Канал №44 (Район 44),canal,Канал,Район 44,Сельский округ 44,44.75361,71.655305,,р. Иртыш,0.45,9.285,,9.285,339.0,0.9,0.0,0.9,,,не удов.,Кадастровый № 0044,
45,45.0,Канал №45 (Район 45),canal,Канал,Район 45,Сельский округ 45,43.733372,70.922627,1974.0,р. Иртыш,2.2,10.026,,10.026,,0.85,0.6,0.25,0.3,52.0,удов.,Кадастровый № 0045,Госакт № 0045
46,46.0,Канал №46 (Район 46),canal,Канал,Район 46,Сельский округ 46,43.822814,73.97664,,р. Иртыш,4.5,37.7,37.7,,,0.85,0.6,0.25,0.3,,удов.,Кадастровый № 0046,Госакт № 0046
47,47.0,Канал №47 (Район 47),canal,Канал,Район 47,,44.246331,71.202824,1975.0,р. Иртыш,45.0,39.035,,39.035,,0.56,0.9,-0.33999999999999997,0.3,51.0,не удов.,Кадастровый № 0047,Госакт № 0047
48,48.0,Канал №48 (Район 48),canal,Канал,Район 48,,42.98458,69.977702,1942.0,р. Иртыш,16.6,38.3,38.3,,,0.28,0.9,-0.62,0.3,84.0,не удов.,Кадастровый № 0048,Госакт № 0048
49,49.0,Канал №49 (Район 49),canal,Канал,Район 49,,43.49658,73.168724,1942.0,р. Иртыш,11.0,48.8,48.8,,,0.19,0.9,-0.71,0.3,84.0,не удов.,Кадастровый № 0049,Госакт № 0049
50,50.0,Канал №50 (Район 50),canal,Канал,Район 50,,44.541742,72.534816,1975.0,р. Иртыш,1.5,9.0,9.0,,220.0,0.72,0.5,0.21999999999999997,0.3,51.0,не удов.,Кадастровый № 0050,Госакт № 0050
51,51.0,Канал №51 (Район 51),canal,Канал,Район 51,,42.61744,70.415635,1935.0,р. Иртыш,42.5,4.2,4.2,,,0.85,0.6,0.25,0.3,91.0,удов.,Кадастровый № 0051,Госакт № 0051
52,52.0,Канал №52 (Район 52),canal,Канал,Район 52,,43.811099,70.167223,1976.0,р. Иртыш,2.5,25.8,25.8,,,0.72,0.4,0.31999999999999995,0.3,50.0,удов.,Кадастровый № 0052,Госакт № 0052
53,53.0,Канал №53 (Район 53),canal,Канал,Район 53,,43.342017,69.964478,,р. Иртыш,7.0,1.6,1.6,,,,,,,,,,
54,54.0,Канал №54 (Район 54),canal,Канал,Район 54,,44.057455,70.750224,,р. Иртыш,0.5,4.7,4.7,,1356.0,,,,,,,,
55,55.0,Канал №55 (Район 55),canal,Канал,Район 55,,44.98072,69.687423,,р. Иртыш,0.7,5.0,,5.0,670.0,,,,,,,,
56,56.0,Канал №56 (Район 56),canal,Канал,Район 56,,43.858966,71.324289,1976.0,р. Иртыш,3.5,14.3,14.3,,1265.0,0.72,0.4,0.31999999999999995,0.3,50.0,удов.,Кадастровый № 0056,Госакт № 0056
57,57.0,Канал №57 (Район 57),canal,Канал,Район 57,,43.505494,73.749484,1986.0,р. Иртыш,2.5,7.909,,7.909,,0.85,0.6,0.25,0.3,40.0,удов.,Кадастровый № 0057,Госакт № 0057
58,58.0,Канал №58 (Район 58),canal,Канал,Район 58,,44.638762,72.990951,1933.0,р. Иртыш,3.5,9.123,9.123,,,0.72,0.4,0.31999999999999995,0.3,93.0,удов.,Кадастровый № 0058,Госакт № 0058
59,59.0,Канал №59 (Район 59),canal,Канал,Район 59,,42.719195,72.163104,1977.0,р. Иртыш,2.6,10.2,,10.2,2995.0,0.85,0.6,0.25,0.3,49.0,удов.,Кадастровый № 0059,Госакт № 0059
60,60.0,Канал №60 (Район 60),canal,Канал,Район 60,,44.142959,69.526527,,р. Иртыш,5.0,8.3,,8.3,570.0,0.85,0.8,0.04999999999999993,,,удов.,Кадастровый № 0060,Госакт № 0060
61,61.0,Канал №61 (Район 61),canal,Канал,Район 61,,44.91535,69.549732,,р. Иртыш,2.0,13.0,13.0,,1850.0,0.85,0.6,0.25,,,удов.,Кадастровый № 0061,Госакт № 0061
62,62.0,Канал №62 (Район 62),canal,Канал,Район 62,,43.676154,69.604128,,р. Иртыш,2.0,14.0,14.0,,2310.0,0.85,0.6,0.25,,,удов.,Кадастровый № 0062,Госакт № 0062
63,63.0,Канал №63 (Район 63),canal,Канал,Район 63,,44.910872,70.86399,,р. Иртыш,3.0,12.8,12.8,,3000.0,0.85,0.6,0.25,,,удов.,Кадастровый № 0063,Госакт № 0063
64,64.0,Канал №64 (Район 64),canal,Канал,Район 64,,43.651977,70.480636,,р. Иртыш,3.0,11.8,11.8,,346.0,0.85,0.6,0.25,,,удов.,Кадастровый № 0064,Госакт № 0064
65,65.0,Канал №65 (Район 65),canal,Канал,Район 65,,43.881238,74.484861,,р. Иртыш,45.0,120.0,120.0,,,,,,,,удов.,Кадастровый № 0065,Госакт № 0065
66,66.0,Канал №66 (Район 66),canal,Канал,Район 66,,44.92171,70.306337,1949.0,р. Иртыш,3.0,34.1,34.1,,1022.0,0.85,0.6,0.25,,77.0,удов.,Кадастровый № 0066,
67,1.0,Канал №1 (Район 68),canal,Канал,Район 68,,44.159098,70.04965,1974.0,р. Иртыш,2.5,5.49,,5.49,,0.85,0.6,0.25,,52.0,удов.,Кадастровый № 0068,
68,2.0,Канал №2 (Район 69),canal,Канал,Район 69,,43.808026,71.924846,1974.0,р. Иртыш,10.0,18.3,,18.3,,0.85,0.6,0.25,,52.0,удов.,,
69,3.0,Канал №3 (Район 70),canal,Канал,Район 70,,44.531708,72.190104,1975.0,р. Иртыш,0.3,1.393,,1.393,532.0,0.85,0.6,0.25,,51.0,удов.,,
70,4.0,Канал №4 (Район 71),canal,Канал,Район 71,,43.364262,73.376154,1948.0,р. Иртыш,2.0,1.8,1.8,,337.0,0.72,0.4,0.31999999999999995,,78.0,удов.,,
71,5.0,Канал №5 (Район 72),canal,Канал,Район 72,,43.873909,71.199604,1928.0,р. Иртыш,1.0,28.5,7.1,21.4,1324.0,0.72,0.4,0.31999999999999995,,98.0,удов.,,
72,6.0,Канал №6 (Район 73),canal,Канал,Район 73,,44.049918,71.440216,1900.0,р. Иртыш,1.2,5.0,5.0,,1110.0,0.72,0.4,0.31999999999999995,,126.0,удов.,,
73,7.0,Канал №7 (Район 74),canal,Канал,Район 74,,42.783175,71.357781,1956.0,р. Иртыш,0.5,6.8,6.8,,371.0,0.72,0.4,0.31999999999999995,,70.0,удов.,,
74,8.0,Канал №8 (Район 75),canal,Канал,Район 75,,44.545135,73.033496,1928.0,р. Иртыш,5.0,7.83,,7.83,754.0,0.85,0.6,0.25,,98.0,удов.,,
75,9.0,Канал №9 (Район 76),canal,Канал,Район 76,,44.104398,74.49913,1984.0,р. Иртыш,1.5,9.1,7.3,1.8,1125.0,0.8,0.5,0.30000000000000004,,42.0,удов.,,
76,10.0,Канал №10 (Район 77),canal,Канал,Район 77,,43.956948,70.803345,1984.0,р. Иртыш,,19.2,,19.2,,0.85,0.6,0.25,,42.0,удов.,,
77,11.0,Канал №11 (Район 78),canal,Канал,Район 78,,44.581244,73.300407,1980.0,р. Иртыш,2.0,41.2,,41.2,1889.0,0.8,0.6,0.20000000000000007,,46.0,удов.,,
78,12.0,Канал №12 (Район 79),canal,Канал,Район 79,,44.9692,71.33875,1953.0,р. Иртыш,5.0,19.21,17.67,1.54,1254.0,0.8,0.5,0.30000000000000004,,73.0,удов.,,
79,13.0,Канал №13 (Район 80),canal,Канал,Район 80,,43.112272,70.070874,1987.0,р. Иртыш,6.5,6.521,6.521,,,0.72,0.4,0.31999999999999995,,39.0,удов.,,
80,14.0,Канал №14 (Район 81),canal,Канал,Район 81,,43.201256,73.332389,1988.0,р. Иртыш,,10.864,10.864,,,,,,,38.0,удов.,,
81,15.0,Канал №15 (Район 82),canal,Канал,Район 82,,44.821519,72.768841,1947.0,р. Иртыш,1.1,10.864,10.864,,1696.0,0.72,0.4,0.31999999999999995,,79.0,удов.,,
82,16.0,Канал №16 (Район 83),canal,Канал,Район 83,,42.694184,73.264723,1957.0,р. Иртыш,1.2,8.8,8.8,,866.0,0.72,0.4,0.31999999999999995,,69.0,удов.,,
83,17.0,Канал №17 (Район 84),canal,Канал,Район 84,,44.611058,74.110152,1952.0,р. Иртыш,12.0,24.1,22.878,1.222,,0.85,0.75,0.09999999999999998,,74.0,удов.,,
84,18.0,Канал №18 (Район 85),canal,Канал,Район 85,Сельский округ 85,44.682047,70.904602,1985.0,р. Иртыш,3.0,6.5,,6.5,,0.85,0.6,0.25,,41.0,удов.,Кадастровый № 0085,Госакт № 0085
85,19.0,Канал №19 (Район 86),canal,Канал,Район 86,Сельский округ 86,44.308175,72.70476,1985.0,р. Иртыш,4.0,18.3,,18.3,,0.85,0.6,0.25,,41.0,удов.,Кадастровый № 0086,Госакт № 0086
86,20.0,Канал №20 (Район 87),canal,Канал,Район 87,,44.413082,72.68294,1916.0,р. Иртыш,6.0,23.5,23.5,,,0.72,0.4,0.31999999999999995,,110.0,удов.,,
87,21.0,Канал №21 (Район 88),canal,Канал,Район 88,Сельский округ 88,43.182992,71.589674,1942.0,р. Иртыш,4.0,24.422,24.422,,,0.72,0.4,0.31999999999999995,,84.0,удов.,Кадастровый № 0088,Госакт № 0088
88,22.0,Канал №22 (Район 89),canal,Канал,Район 89,,44.643708,73.021086,1942.0,р. Иртыш,5.0,15.524,15.524,,,0.72,0.4,0.31999999999999995,,84.0,удов.,Кадастровый № 0089,Госакт № 0089
89,23.0,Канал №23 (Район 90),canal,Канал,Район 90,,43.276787,71.18475,1982.0,р. Иртыш,13.0,1.9,1.9,,8212.0,0.72,0.4,0.31999999999999995,,44.0,удов.,Кадастровый № 0090,Госакт № 0090
90,24.0,Канал №24 (Район 91),canal,Канал,Район 91,,43.738909,71.899329,1976.0,р. Иртыш,1.0,5.0,,5.0,759.0,,,,,50.0,удов.,Кадастровый № 0091,Госакт № 0091
91,25.0,Канал №25 (Район 92),canal,Канал,Район 92,,43.587332,71.808099,1946.0,р. Иртыш,1.0,9.2,,9.2,1021.0,,,,,80.0,удов.,Кадастровый № 0092,Госакт № 0092
92,26.0,Канал №26 (Район 93),canal,Канал,Район 93,,43.879401,72.419229,1975.0,р. Иртыш,1.0,1.3,,1.3,,,,,,51.0,удов.,Кадастровый № 0093,Госакт № 0093
93,27.0,Канал №27 (Район 94),canal,Канал,Район 94,,42.690994,69.983763,1972.0,р. Иртыш,0.5,1.9,1.9,,266.0,,,,,54.0,удов.,Кадастровый № 0094,Госакт № 0094
94,28.0,Канал №28 (Район 95),canal,Канал,Район 95,,42.547178,73.550381,1972.0,р. Иртыш,0.5,0.9,0.9,,387.0,,,,,54.0,удов.,Кадастровый № 0095,Госакт № 0095
95,29.0,Канал №29 (Район 96),canal,Канал,Район 96,,44.982032,69.505131,,р. Иртыш,0.2,5.3,,5.3,200.0,,,,,,удов.,Кадастровый № 0096,Госакт № 0096
96,30.0,Канал №30 (Район 97),canal,Канал,Район 97,,44.816273,69.935817,,р. Иртыш,0.5,7.3,7.3,,256.0,,,,,,удов.,Кадастровый № 0097,Госакт № 0097
97,31.0,Канал №31 (Район 98),canal,Канал,Район 98,Сельский округ 98,43.959444,71.522341,,р. Иртыш,2.53,20.5,20.5,,2500.0,,,,,,удов.,Кадастровый № 0098,Госакт № 0098
98,32.0,Канал №32 (Район 99),canal,Канал,Район 99,Сельский округ 99,43.412188,74.292557,1968.0,р. Иртыш,2.0,19.6,19.6,,2000.0,0.72,0.4,0.31999999999999995,,58.0,удов.,Кадастровый № 0099,Госакт № 0099
99,33.0,Канал №33 (Район 100),canal,Канал,Район 100,Сельский округ 100,43.618231,70.517945,1974.0,р. Иртыш,3.0,6.0,6.0,,3100.0,0.72,0.4,0.31999999999999995,,52.0,удов.,Кадастровый № 0100,Госакт № 0100
100,34.0,Канал №34 (Район 101),canal,Канал,Район 101,Сельский округ 101,43.194482,72.569182,1955.0,р. Иртыш,1.5,4.2,4.2,,421.0,0.72,0.4,0.31999999999999995,,71.0,удов.,Кадастровый № 0101,Госакт № 0101
101,35.0,Канал №35 (Район 102),canal,Канал,Район 102,,43.709551,71.466206,,р. Иртыш,3.0,6.24,6.24,,,,,,,,удов.,,
102,36.0,Канал №36 (Район 103),canal,Канал,Район 103,Сельский округ 103,43.76579,72.61946,,р. Иртыш,0.7,2.397,,2.397,310.0,,,,,,удов.,Кадастровый № 0103,Госакт № 0103
103,37.0,Канал №37 (Район 104),canal,Канал,Район 104,Сельский округ 104,42.932669,70.824504,,р. Иртыш,0.3,0.761,,0.761,32.0,,,,,,удов.,Кадастровый № 0104,Госакт № 0104
104,38.0,Канал №38 (Район 105),canal,Канал,Район 105,Сельский округ 105,43.172798,73.291877,,р. Иртыш,0.5,0.48,,0.48,129.0,,,,,,удов.,Кадастровый № 0105,Госакт № 0105
105,39.0,Канал №39 (Район 106),canal,Канал,Район 106,Сельский округ 106,44.096839,69.749708,,р. Иртыш,0.5,0.767,,0.767,127.0,,,,,,удов.,Кадастровый № 0106,Госакт № 0106
106,40.0,Канал №40 (Район 107),canal,Канал,Район 107,Сельский округ 107,44.005524,74.370918,,р. Иртыш,0.7,3.565,,3.565,403.0,,,,,,удов.,Кадастровый № 0107,Госакт № 0107
107,41.0,Канал №41 (Район 108),canal,Канал,Район 108,,43.795615,72.866565,1969.0,р. Иртыш,2.2,15.4,,15.4,,0.72,0.4,0.31999999999999995,,57.0,удов.,Кадастровый № 0108,Госакт № 0108
108,42.0,Канал №42 (Район 109),canal,Канал,Район 109,,44.828895,72.245096,1963.0,р. Иртыш,1.2,20.1,,20.1,998.0,0.85,0.6,0.25,,63.0,удов.,Кадастровый № 0109,Госакт № 0109
109,43.0,Канал №43 (Район 110),canal,Канал,Район 110,,43.726123,70.031997,1963.0,р. Иртыш,0.35,3.5,,3.5,500.0,0.8,0.6,0.20000000000000007,,63.0,удов.,Кадастровый № 0110,Госакт № 0110
110,44.0,Канал №44 (Район 111),canal,Канал,Район 111,,44.501489,70.879055,1967.0,р. Иртыш,0.35,9.4,,9.4,1038.0,0.8,0.6,0.20000000000000007,,59.0,удов.,Кадастровый № 0111,Госакт № 0111
111,45.0,Канал №45 (Район 112),canal,Канал,Район 112,,43.478452,69.637475,1974.0,р. Иртыш,0.5,2.0,,2.0,347.0,0.8,0.6,0.20000000000000007,,52.0,удов.,Кадастровый № 0112,Госакт № 0112
112,46.0,Канал №46 (Район 113),canal,Канал,Район 113,,42.744788,73.704685,1963.0,р. Иртыш,,1.834,,1.834,203.0,0.8,0.6,0.20000000000000007,,63.0,удов.,Кадастровый № 0113,Госакт № 0113
113,47.0,Канал №47 (Район 114),canal,Канал,Район 114,,43.494134,73.554356,1974.0,р. Иртыш,0.35,0.802,0.802,,359.0,0.8,0.6,0.20000000000000007,,52.0,удов.,Кадастровый № 0114,Госакт № 0114
114,48.0,Канал №48 (Район 115),canal,Канал,Район 115,,44.632475,70.525117,1975.0,р. Иртыш,0.35,3.3,,3.3,,0.8,0.6,0.20000000000000007,,51.0,удов.,Кадастровый № 0115,Госакт № 0115
115,49.0,Канал №49 (Район 116),canal,Канал,Район 116,,42.943885,73.808159,1975.0,р. Иртыш,0.9,6.0,,6.0,640.0,0.85,0.6,0.25,,51.0,не удов.,,
116,50.0,Канал №50 (Район 117),canal,Канал,Район 117,,43.978702,72.143677,1975.0,р. Иртыш,1.0,5.5,,5.5,1000.0,0.85,0.6,0.25,,51.0,не удов.,,
117,51.0,Канал №51 (Район 118),canal,Канал,Район 118,,42.701751,71.571474,1969.0,р. Иртыш,0.8,4.77,4.77,,1003.0,0.72,0.4,0.31999999999999995,,57.0,не удов.,,
118,52.0,Канал №52 (Район 119),canal,Канал,Район 119,,44.058376,71.479007,1948.0,р. Иртыш,0.3,1.72,1.72,,178.0,0.72,0.4,0.31999999999999995,,78.0,не удов.,,
119,53.0,Канал №53 (Район 120),canal,Канал,Район 120,,44.693016,71.152192,1978.0,р. Иртыш,1.5,18.81,18.81,,1089.0,0.72,0.4,0.31999999999999995,,48.0,не удов.,,
120,54.0,Канал №54 (Район 121),canal,Канал,Район 121,,44.135008,70.929477,1967.0,р. Иртыш,0.8,4.5,4.5,,464.0,0.72,0.4,0.31999999999999995,,59.0,не удов.,,
121,55.0,Канал №55 (Район 122),canal,Канал,Район 122,,44.953375,70.137746,1955.0,р. Иртыш,0.3,3.07,,3.07,48.0,0.85,0.6,0.25,,71.0,не удов.,,
122,56.0,Канал №56 (Район 123),canal,Канал,Район 123,,44.535017,71.249882,1960.0,р. Иртыш,0.4,1.61,,1.61,150.0,0.85,0.6,0.25,,66.0,не удов.,,
123,57.0,Канал №57 (Район 124),canal,Канал,Район 124,,42.51336,69.722483,1937.0,р. Иртыш,0.5,2.8,2.8,,335.0,0.72,0.4,0.31999999999999995,,89.0,не удов.,,
124,58.0,Канал №58 (Район 125),canal,Канал,Район 125,,44.308264,74.183173,1987.0,р. Иртыш,1.5,1.99,1.99,,203.0,0.72,0.4,0.31999999999999995,,39.0,не удов.,,
125,59.0,Канал №59 (Район 126),canal,Канал,Район 126,,43.003771,74.050046,1983.0,р. Иртыш,1.6,2.1,,2.1,1218.0,0.85,0.6,0.25,,43.0,не удов.,,
126,60.0,Канал №60 (Район 127),canal,Канал,Район 127,,42.818922,72.94676,1982.0,р. Иртыш,0.6,8.0,,8.0,700.0,0.85,0.6,0.25,,44.0,не удов.,,
127,61.0,Канал №61 (Район 128),canal,Канал,Район 128,,43.223246,72.630596,1981.0,р. Иртыш,0.7,15.32,,15.32,800.0,0.85,0.6,0.25,,45.0,не удов.,,
128,62.0,Канал №62 (Район 129),canal,Канал,Район 129,,44.899583,73.242479,1969.0,р. Иртыш,0.5,0.92,0.92,,250.0,0.72,0.4,0.31999999999999995,,57.0,не удов.,,
129,63.0,Канал №63 (Район 130),canal,Канал,Район 130,,44.853795,69.88835,1962.0,р. Иртыш,1.1,1.82,1.82,,290.0,0.72,0.4,0.31999999999999995,,64.0,не удов.,,
130,64.0,Канал №64 (Район 131),canal,Канал,Район 131,,44.171574,69.742817,1968.0,р. Иртыш,0.3,5.49,5.49,,313.0,0.72,0.4,0.31999999999999995,,58.0,не удов.,,
131,65.0,Канал №65 (Район 132),canal,Канал,Район 132,,43.914393,72.633937,1958.0,р. Иртыш,,9.47,9.47,,350.0,0.72,0.5,0.21999999999999997,,68.0,не удов.,,
132,66.0,Канал №66 (Район 133),canal,Канал,Район 133,,44.177383,71.038501,1980.0,р. Иртыш,0.8,5.1,,5.1,190.0,0.85,0.6,0.25,,46.0,не удов.,,
133,67.0,Канал №67 (Район 134),canal,Канал,Район 134,,43.183934,73.030302,1980.0,р. Иртыш,0.2,5.6,,5.6,284.0,0.85,0.6,0.25,,46.0,не удов.,,
134,68.0,Канал №68 (Район 135),canal,Канал,Район 135,,43.605322,70.632056,1979.0,р. Иртыш,1.2,8.68,,8.68,500.0,0.85,0.6,0.25,,47.0,не удов.,,
135,69.0,Канал №69 (Район 136),canal,Канал,Район 136,,44.978558,70.650203,1979.0,р. Иртыш,1.2,8.885,,8.885,350.0,0.85,0.6,0.25,,47.0,не удов.,,
136,70.0,Канал №70 (Район 137),canal,Канал,Район 137,,43.107275,70.229926,1981.0,р. Иртыш,1.5,8.0,,8.0,1073.0,0.85,0.6,0.25,,45.0,не удов.,,
137,71.0,Канал №71 (Район 138),canal,Канал,Район 138,,44.309439,70.017939,1982.0,р. Иртыш,0.6,9.8,,9.8,700.0,0.85,0.6,0.25,,44.0,не удов.,,
138,72.0,Канал №72 (Район 139),canal,Канал,Район 139,,42.939864,70.405021,1978.0,р. Иртыш,0.55,6.1,,6.1,390.0,0.85,0.6,0.25,,48.0,не удов.,,
139,73.0,Канал №73 (Район 140),canal,Канал,Район 140,,42.959917,72.263566,1978.0,р. Иртыш,1.4,7.8,,7.8,800.0,0.85,0.6,0.25,,48.0,не удов.,,
140,74.0,Канал №74 (Район 141),canal,Канал,Район 141,,43.041766,72.459565,1978.0,р. Иртыш,2.0,0.643,,0.643,810.0,0.85,0.6,0.25,,48.0,не удов.,,
141,75.0,Канал №75 (Район 142),canal,Канал,Район 142,,43.154466,69.710674,1978.0,р. Иртыш,2.0,9.74,0.3,9.44,800.0,0.85,0.6,0.25,,48.0,не удов.,,
142,76.0,Канал №76 (Район 143),canal,Канал,Район 143,,44.878045,73.482776,1978.0,р. Иртыш,0.8,6.27,,6.27,750.0,0.85,0.6,0.25,,48.0,не удов.,,
143,77.0,Канал №77 (Район 144),canal,Канал,Район 144,,43.465669,71.177249,1978.0,р. Иртыш,2.0,5.61,5.61,,1550.0,0.72,0.4,0.31999999999999995,,48.0,не удов.,,
144,78.0,Канал №78 (Район 145),canal,Канал,Район 145,,43.172334,71.295574,1979.0,р. Иртыш,0.7,15.1,,15.1,600.0,0.85,0.6,0.25,,47.0,не удов.,,
145,79.0,Канал №79 (Район 146),canal,Канал,Район 146,,43.549768,69.798691,1971.0,р. Иртыш,0.8,5.27,5.27,,700.0,0.72,0.4,0.31999999999999995,,55.0,удов.,,
146,80.0,Канал №80 (Район 147),canal,Канал,Район 147,,44.970243,73.953648,1971.0,р. Иртыш,0.4,6.366,6.366,,450.0,0.72,0.4,0.31999999999999995,,55.0,удов.,,
147,81.0,Канал №81 (Район 148),canal,Канал,Район 148,,44.709832,71.973853,1971.0,р. Иртыш,0.6,2.8,2.8,,500.0,0.72,0.4,0.31999999999999995,,55.0,удов.,,
148,82.0,Канал №82 (Район 149),canal,Канал,Район 149,,44.815853,72.246943,1971.0,р. Иртыш,0.8,1.294,1.294,,500.0,0.72,0.4,0.31999999999999995,,55.0,удов.,,
149,83.0,Канал №83 (Район 150),canal,Канал,Район 150,,43.583348,72.367633,1971.0,р. Иртыш,1.9,2.3,2.3,,150.0,0.72,0.4,0.31999999999999995,,55.0,удов.,,
150,84.0,Канал №84 (Район 151),canal,Канал,Район 151,,44.575384,69.835737,1965.0,р. Иртыш,1.3,11.433,11.433,,531.0,0.72,0.4,0.31999999999999995,,61.0,удов.,,
151,85.0,Канал №85 (Район 152),canal,Канал,Район 152,,43.382041,70.987103,1983.0,р. Иртыш,1.0,11.9,4.62,7.28,400.0,0.72,0.4,0.31999999999999995,,43.0,удов.,,
152,86.0,Канал №86 (Район 153),canal,Канал,Район 153,,43.13274,72.287433,1983.0,р. Иртыш,0.4,1.8,1.8,,106.0,0.72,0.4,0.31999999999999995,,43.0,удов.,,
153,87.0,Канал №87 (Район 154),canal,Канал,Район 154,,43.320922,73.868726,1960.0,р. Иртыш,2.1,18.46,18.46,,1105.0,0.72,0.4,0.31999999999999995,,66.0,удов.,,
154,88.0,Канал №88 (Район 155),canal,Канал,Район 155,,43.639736,71.66174,1983.0,р. Иртыш,1.5,8.2,8.2,,230.0,0.72,0.4,0.31999999999999995,,43.0,удов.,,
155,89.0,Канал №89 (Район 156),canal,Канал,Район 156,,44.77287,71.589947,,р. Иртыш,0.3,1.836,1.836,,250.0,,,,,,удов.,,
156,90.0,Канал №90 (Район 157),canal,Канал,Район 157,,42.664692,71.585886,1964.0,р. Иртыш,1.1,5.51,5.51,,250.0,0.72,0.4,0.31999999999999995,,62.0,удов.,,
157,91.0,Канал №91 (Район 158),canal,Канал,Район 158,,43.319185,73.97816,,р. Иртыш,,0.57,0.57,,350.0,0.48,0.9,-0.42000000000000004,,,удов.,,
158,92.0,Канал №92 (Район 159),canal,Канал,Район 159,,43.132422,71.114726,1983.0,р. Иртыш,1.2,5.0,5.0,,107.0,0.31,0.9,-0.5900000000000001,,43.0,не удов.,,
159,93.0,Канал №93 (Район 160),canal,Канал,Район 160,,43.274137,73.006217,1984.0,р. Иртыш,0.5,0.066,,0.066,364.0,0.31,0.9,-0.5900000000000001,,42.0,не удов.,,
160,94.0,Канал №94 (Район 161),canal,Канал,Район 161,,43.519825,71.848548,1983.0,р. Иртыш,0.08,0.05,,0.05,180.0,0.31,0.9,-0.5900000000000001,,43.0,не удов.,,
161,95.0,Канал №95 (Район 162),canal,Канал,Район 162,,44.529775,70.587705,1983.0,р. Иртыш,0.7,7.0,,7.0,360.0,0.31,0.9,-0.5900000000000001,,43.0,не удов.,,
162,96.0,Канал №96 (Район 163),canal,Канал,Район 163,,44.886793,73.300513,1983.0,р. Иртыш,0.7,7.0,,7.0,350.0,0.0,0.9,-0.9,,43.0,не удов.,,
163,97.0,Канал №97 (Район 164),canal,Канал,Район 164,,43.713583,72.95118,1975.0,р. Иртыш,0.06,2.0,,2.0,500.0,0.0,0.9,-0.9,,51.0,не удов.,,
164,98.0,Канал №98 (Район 165),canal,Канал,Район 165,,43.748593,74.337938,1970.0,р. Иртыш,0.25,1.5,,1.5,89.0,0.31,0.9,-0.5900000000000001,,56.0,не удов.,,
165,99.0,Канал №99 (Район 166),canal,Канал,Район 166,,43.372219,72.194208,1979.0,р. Иртыш,2.0,6.0,,6.0,330.0,0.0,0.9,-0.9,,47.0,не удов.,,
166,100.0,Канал №100 (Район 167),canal,Канал,Район 167,,44.802634,71.092651,1943.0,р. Иртыш,0.2,0.38,0.38,,47.0,0.62,0.9,-0.28,,83.0,не удов.,,
167,101.0,Канал №101 (Район 168),canal,Канал,Район 168,,43.492408,72.601772,1979.0,р. Иртыш,0.25,0.3,0.3,,150.0,0.27,0.9,-0.63,,47.0,не удов.,,
168,102.0,Канал №102 (Район 169),canal,Канал,Район 169,,43.766214,72.691996,1963.0,р. Иртыш,0.6,1.18,1.18,,95.0,0.27,0.9,-0.63,,63.0,не удов.,,
169,103.0,Канал №103 (Район 170),canal,Канал,Район 170,,43.184093,73.963299,1960.0,р. Иртыш,0.2,0.25,0.25,,15.0,0.27,0.9,-0.63,,66.0,не удов.,,
170,104.0,Канал №104 (Район 171),canal,Канал,Район 171,,43.510336,72.748952,1963.0,р. Иртыш,0.5,0.2,0.2,,75.0,0.28,0.9,-0.62,,63.0,не удов.,,
171,105.0,Канал №105 (Район 172),canal,Канал,Район 172,,44.075826,71.724346,1950.0,р. Иртыш,1.5,1.54,0.085,1.455,65.0,0.25,0.9,-0.65,,76.0,не удов.,,
172,106.0,Канал №106 (Район 173),canal,Канал,Район 173,,43.846407,69.898435,1978.0,р. Иртыш,0.3,1.64,1.64,,80.0,0.27,0.9,-0.63,,48.0,не удов.,,
173,107.0,Канал №107 (Район 174),canal,Канал,Район 174,,43.306262,70.114061,1943.0,р. Иртыш,0.5,1.34,1.3,0.04,50.0,0.47,0.9,-0.43000000000000005,,83.0,не удов.,,
174,108.0,Канал №108 (Район 175),canal,Канал,Район 175,,44.444707,71.216203,1978.0,р. Иртыш,0.05,10.5,2.5,8.0,771.0,0.2,0.9,-0.7,,48.0,не удов.,,
175,109.0,Канал №109 (Район 176),canal,Канал,Район 176,,42.982908,71.106299,1963.0,р. Иртыш,0.2,3.24,2.73,0.51,82.0,0.0,0.9,-0.9,,63.0,не удов.,,
176,110.0,Канал №110 (Район 177),canal,Канал,Район 177,,43.123956,71.27206,1962.0,р. Иртыш,1.0,7.743,7.743,,600.0,0.61,0.9,-0.29000000000000004,,64.0,не удов.,,
177,111.0,Канал №111 (Район 178),canal,Канал,Район 178,,43.743846,73.793089,1975.0,р. Иртыш,0.5,3.0,3.0,,74.0,0.25,0.9,-0.65,,51.0,не удов.,,
178,112.0,Канал №112 (Район 179),canal,Канал,Район 179,,43.008825,71.97879,1960.0,р. Иртыш,1.3,2.0,2.0,,80.0,0.47,0.9,-0.43000000000000005,,66.0,не удов.,,
179,113.0,Канал №113 (Район 180),canal,Канал,Район 180,,43.601267,74.45714,1962.0,р. Иртыш,0.8,6.0,6.0,,1367.0,0.28,0.9,-0.62,,64.0,не удов.,,
180,114.0,Канал №114 (Район 181),canal,Канал,Район 181,,43.459357,71.883772,1966.0,р. Иртыш,1.0,8.31,8.24,0.07,475.0,0.0,0.9,-0.9,,60.0,не удов.,,
181,115.0,Канал №115 (Район 182),canal,Канал,Район 182,,43.974784,73.25242,,р. Иртыш,2.0,12.81,12.81,,233.0,0.27,0.9,-0.63,,,не удов.,,
182,116.0,Канал №116 (Район 183),canal,Канал,Район 183,,44.031258,73.153398,1943.0,р. Иртыш,0.7,2.65,2.615,0.035,405.0,0.27,0.9,-0.63,,83.0,не удов.,,
183,117.0,Канал №117 (Район 184),canal,Канал,Район 184,,42.640673,74.341932,2008.0,р. Иртыш,0.4,2.42,,2.42,75.0,0.27,0.9,-0.63,,18.0,не удов.,,
184,118.0,Канал №118 (Район 185),canal,Канал,Район 185,,43.622877,69.858361,2008.0,р. Иртыш,0.2,1.63,,1.63,224.0,0.91,0.9,0.010000000000000009,,18.0,не удов.,,
185,119.0,Канал №119 (Район 186),canal,Канал,Район 186,,43.241343,71.080683,1976.0,р. Иртыш,1.0,2.5,2.5,,200.0,0.86,0.9,-0.040000000000000036,,50.0,не удов.,,
186,120.0,Канал №120 (Район 187),canal,Канал,Район 187,,43.177364,74.401912,1976.0,р. Иртыш,0.05,3.0,3.0,,67.0,0.27,0.9,-0.63,,50.0,не удов.,,
187,121.0,Канал №121 (Район 188),canal,Канал,Район 188,,43.550739,71.638893,1978.0,р. Иртыш,0.3,1.36,,1.36,60.0,0.52,0.9,-0.38,,48.0,не удов.,,
188,122.0,Канал №122 (Район 189),canal,Канал,Район 189,,42.627138,70.215955,,р. Иртыш,,2.0,,2.0,2166.0,0.84,0.9,-0.06000000000000005,,,не удов.,,
189,123.0,Канал №123 (Район 190),canal,Канал,Район 190,,43.325129,72.808013,1976.0,р. Иртыш,0.05,8.685,,8.685,800.0,0.61,0.9,-0.29000000000000004,,50.0,не удов.,,
190,124.0,Канал №124 (Район 191),canal,Канал,Район 191,,43.686702,70.680247,1976.0,р. Иртыш,0.25,7.32,,7.32,560.0,0.31,0.9,-0.5900000000000001,,50.0,не удов.,,
191,125.0,Канал №125 (Район 192),canal,Канал,Район 192,,44.44234,73.692029,1979.0,р. Иртыш,0.25,6.0,,6.0,450.0,0.65,0.9,-0.25,,47.0,не удов.,,
192,126.0,Канал №126 (Район 193),canal,Канал,Район 193,,44.68032,70.373604,,р. Иртыш,0.4,5.6,,5.6,302.0,0.29,0.9,-0.6100000000000001,,,не удов.,,
193,127.0,Канал №127 (Район 194),canal,Канал,Район 194,,44.8693,72.890964,1943.0,р. Иртыш,0.6,3.13,3.13,,190.0,0.27,0.9,-0.63,,83.0,не удов.,,
194,128.0,Канал №128 (Район 195),canal,Канал,Район 195,,42.753761,72.716465,1937.0,р. Иртыш,0.4,4.93,4.93,,853.0,0.28,0.9,-0.62,,89.0,не удов.,,
195,129.0,Канал №129 (Район 196),canal,Канал,Район 196,,44.435903,73.369784,1960.0,р. Иртыш,0.7,3.57,0.5,3.07,350.0,0.29,0.9,-0.6100000000000001,,66.0,не удов.,,
196,130.0,Канал №130 (Район 197),canal,Канал,Район 197,,43.553761,69.903308,,р. Иртыш,0.1,2.24,1.508,0.732,50.0,0.25,0.9,-0.65,,,не удов.,Кадастровый № 0197,Госакт № 0197
197,131.0,Канал №131 (Район 198),canal,Канал,Район 198,,44.16823,72.643537,1943.0,р. Иртыш,0.7,0.75,0.75,,60.0,0.2,0.9,-0.7,,83.0,не удов.,Кадастровый № 0198,Госакт № 0198
198,132.0,Канал №132 (Район 199),canal,Канал,Район 199,,43.388396,73.232367,1960.0,р. Иртыш,0.4,1.34,1.34,,80.0,0.2,0.9,-0.7,,66.0,не удов.,Кадастровый № 0199,Госакт № 0199
199,133.0,Канал №133 (Район 200),canal,Канал,Район 200,Сельский округ 200,44.314191,70.623512,,р. Иртыш,0.5,0.017,,0.017,100.0,0.2,0.9,-0.7,,,не удов.,Кадастровый № 0200,Госакт № 0200
200,134.0,Канал №134 (Район 201),canal,Канал,Район 201,Сельский округ 201,43.97483,73.366538,1976.0,р. Иртыш,0.2,2.0,,2.0,280.0,,,,,50.0,удов.,Кадастровый № 0201,Госакт № 0201
201,135.0,Канал №135 (Район 202),canal,Канал,Район 202,Сельский округ 202,43.945119,73.927125,1976.0,р. Иртыш,0.2,4.0,,4.0,395.0,,,,,50.0,удов.,Кадастровый № 0202,Госакт № 0202
202,136.0,Канал №136 (Район 203),canal,Канал,Район 203,Сельский округ 203,43.336782,71.382481,1976.0,р. Иртыш,0.2,3.8,2.72,1.08,220.0,,,,,50.0,удов.,Кадастровый № 0203,Госакт № 0203
203,137.0,Канал №137 (Район 204),canal,Канал,Район 204,Сельский округ 204,44.098664,71.071662,1976.0,р. Иртыш,0.2,3.0,3.0,,202.0,,,,,50.0,удов.,Кадастровый № 0204,Госакт № 0204
204,138.0,Канал №138 (Район 205),canal,Канал,Район 205,Сельский округ 205,43.680279,72.384691,1936.0,р. Иртыш,25.0,66.0,48.7,17.3,,0.72,0.4,0.31999999999999995,,90.0,удов.,Кадастровый № 0205,Госакт № 0205
205,139.0,Канал №139 (Район 206),canal,Канал,Район 206,Сельский округ 206,43.678209,71.334554,1936.0,р. Иртыш,7.9,39.72,39.72,,,0.72,0.4,0.31999999999999995,,90.0,удов.,Кадастровый № 0206,Госакт № 0206
206,1.0,Канал №1 (Район 208),canal,Канал,Район 208,Сельский округ 208,43.792781,72.443386,1972.0,р. Иртыш,0.25,3.084,,3.084,150.0,0.8,0.6,0.20000000000000007,,54.0,удов.,Кадастровый № 0208,Госакт № 0208
207,2.0,Канал №2 (Район 209),canal,Канал,Район 209,Сельский округ 209,42.98319,72.230528,1972.0,р. Иртыш,0.35,29.245,,29.245,376.0,0.8,0.6,0.20000000000000007,,54.0,удов.,Кадастровый № 0209,Госакт № 0209
208,3.0,Канал №3 (Район 210),canal,Канал,Район 210,Сельский округ 210,43.123049,69.555236,1972.0,р. Иртыш,0.51,3.236,,3.236,264.0,0.8,0.6,0.20000000000000007,,54.0,удов.,Кадастровый № 0210,Госакт № 0210
209,4.0,Канал №4 (Район 211),canal,Канал,Район 211,Сельский округ 211,42.620202,70.327531,1972.0,р. Иртыш,0.51,3.47,,3.47,393.0,0.8,0.6,0.20000000000000007,,54.0,удов.,Кадастровый № 0211,Госакт № 0211
210,5.0,Канал №5 (Район 212),canal,Канал,Район 212,Сельский округ 212,44.574392,73.646563,1972.0,р. Иртыш,0.56,1.831,,1.831,376.0,0.8,0.6,0.20000000000000007,,54.0,удов.,Кадастровый № 0212,Госакт № 0212
211,6.0,Канал №6 (Район 213),canal,Канал,Район 213,Сельский округ 213,43.744375,73.11921,1972.0,р. Иртыш,0.5,2.685,,2.685,392.0,0.8,0.6,0.20000000000000007,,54.0,удов.,Кадастровый № 0213,Госакт № 0213
212,7.0,Канал №7 (Район 214),canal,Канал,Район 214,Сельский округ 214,43.741619,71.395216,1972.0,р. Иртыш,0.51,3.01,,3.01,384.0,0.8,0.6,0.20000000000000007,,54.0,удов.,Кадастровый № 0214,Госакт № 0214
213,8.0,Канал №8 (Район 215),canal,Канал,Район 215,Сельский округ 215,42.797211,71.893224,1972.0,р. Иртыш,0.51,2.584,,2.584,371.0,0.8,0.6,0.20000000000000007,,54.0,удов.,Кадастровый № 0215,Госакт № 0215
214,9.0,Канал №9 (Район 216),canal,Канал,Район 216,Сельский округ 216,44.244841,73.39399,1972.0,р. Иртыш,0.43,1.424,,1.424,226.0,0.8,0.6,0.20000000000000007,,54.0,удов.,Кадастровый № 0216,Госакт № 0216
215,10.0,Канал №10 (Район 217),canal,Канал,Район 217,Сельский округ 217,44.099707,71.068515,1972.0,р. Иртыш,0.51,2.14,,2.14,166.0,0.8,0.6,0.20000000000000007,,54.0,удов.,Кадастровый № 0217,Госакт № 0217
216,11.0,Канал №11 (Район 218),canal,Канал,Район 218,Сельский округ 218,42.980691,70.752414,1972.0,р. Иртыш,0.38,4.595,4.595,,742.0,0.72,0.4,0.31999999999999995,,54.0,удов.,Кадастровый № 0218,
217,12.0,Канал №12 (Район 219),canal,Канал,Район 219,Сельский округ 219,43.659411,70.542614,1972.0,р. Иртыш,2.0,6.187,6.187,,712.0,0.72,0.4,0.31999999999999995,,54.0,удов.,Кадастровый № 0219,
218,13.0,Канал №13 (Район 220),canal,Канал,Район 220,Сельский округ 220,42.735528,72.336726,,р. Иртыш,,0.833,0.833,,,,,,,,удов.,Кадастровый № 0220,
219,14.0,Канал №14 (Район 221),canal,Канал,Район 221,Сельский округ 221,42.95858,71.518953,1965.0,р. Иртыш,0.8,4.484,,4.484,120.0,0.72,0.4,0.31999999999999995,,61.0,удов.,Кадастровый № 0221,Госакт № 0221
220,15.0,Канал №15 (Район 222),canal,Канал,Район 222,Сельский округ 222,43.862667,73.560288,1965.0,р. Иртыш,0.4,6.005,,6.005,132.0,0.72,0.4,0.31999999999999995,,61.0,удов.,Кадастровый № 0222,Госакт № 0222
221,16.0,Канал №16 (Район 223),canal,Канал,Район 223,Сельский округ 223,44.249456,71.09305,1965.0,р. Иртыш,0.2,5.1,,5.1,85.0,0.72,0.4,0.31999999999999995,,61.0,удов.,Кадастровый № 0223,Госакт № 0223
222,17.0,Канал №17 (Район 224),canal,Канал,Район 224,Сельский округ 224,44.447063,70.361243,1945.0,р. Иртыш,0.6,6.2,6.2,,642.0,0.72,0.4,0.31999999999999995,,81.0,удов.,Кадастровый № 0224,Госакт № 0224
223,18.0,Канал №18 (Район 225),canal,Канал,Район 225,Сельский округ 225,43.803464,72.519209,1948.0,р. Иртыш,1.0,6.826,6.826,,846.0,0.72,0.4,0.31999999999999995,,78.0,удов.,Кадастровый № 0225,Госакт № 0225
224,19.0,Канал №19 (Район 226),canal,Канал,Район 226,Сельский округ 226,44.031487,69.578502,1965.0,р. Иртыш,0.15,2.146,2.146,,45.0,0.72,0.4,0.31999999999999995,,61.0,удов.,Кадастровый № 0226,Госакт № 0226
225,20.0,Канал №20 (Район 227),canal,Канал,Район 227,Сельский округ 227,43.452053,71.285947,1952.0,р. Иртыш,0.7,15.253,15.253,,309.0,0.8,0.6,0.20000000000000007,,74.0,удов.,Кадастровый № 0227,Госакт № 0227
226,21.0,Канал №21 (Район 228),canal,Канал,Район 228,Сельский округ 228,42.969393,70.783529,1948.0,р. Иртыш,,10.052,,10.052,,,,,,78.0,удов.,Кадастровый № 0228,Госакт № 0228
227,22.0,Канал №22 (Район 229),canal,Канал,Район 229,Сельский округ 229,42.502201,70.150757,1948.0,р. Иртыш,2.0,6.94,6.94,,1289.0,0.72,0.4,0.31999999999999995,,78.0,удов.,Кадастровый № 0229,Госакт № 0229
228,23.0,Канал №23 (Район 230),canal,Канал,Район 230,Сельский округ 230,42.705548,74.15281,,р. Иртыш,,15.332,15.332,,,0.72,0.4,0.31999999999999995,,,удов.,Кадастровый № 0230,
229,24.0,Канал №24 (Район 231),canal,Канал,Район 231,Сельский округ 231,43.342304,72.504285,1965.0,р. Иртыш,,7.386,7.386,,,0.72,0.4,0.31999999999999995,,61.0,удов.,Кадастровый № 0231,
230,25.0,Канал №25 (Район 232),canal,Канал,Район 232,Сельский округ 232,42.678062,73.579902,1952.0,р. Иртыш,0.45,4.069,4.069,,651.0,0.72,0.4,0.31999999999999995,,74.0,удов.,Кадастровый № 0232,Госакт № 0232
231,26.0,Канал №26 (Район 233),canal,Канал,Район 233,Сельский округ 233,42.918132,73.565254,1952.0,р. Иртыш,0.25,2.248,2.248,,651.0,0.72,0.4,0.31999999999999995,,74.0,удов.,Кадастровый № 0233,Госакт № 0233
232,27.0,Канал №27 (Район 234),canal,Канал,Район 234,Сельский округ 234,42.641251,71.134578,1962.0,р. Иртыш,0.2,1.434,,1.434,100.0,0.8,0.6,0.20000000000000007,,64.0,удов.,Кадастровый № 0234,Госакт № 0234
233,28.0,Канал №28 (Район 235),canal,Канал,Район 235,Сельский округ 235,42.737481,72.179029,1952.0,р. Иртыш,1.35,2.41,,2.41,94.0,0.8,0.6,0.20000000000000007,,74.0,удов.,Кадастровый № 0235,Госакт № 0235
234,29.0,Канал №29 (Район 236),canal,Канал,Район 236,Сельский округ 236,43.210312,72.316618,1952.0,р. Иртыш,2.1,15.627,,15.627,902.0,0.8,0.6,0.20000000000000007,,74.0,удов.,Кадастровый № 0236,Госакт № 0236
235,30.0,Канал №30 (Район 237),canal,Канал,Район 237,Сельский округ 237,43.265801,73.403233,1952.0,р. Иртыш,1.0,9.504,9.504,,226.0,0.72,0.4,0.31999999999999995,,74.0,удов.,Кадастровый № 0237,Госакт № 0237
236,31.0,Канал №31 (Район 238),canal,Канал,Район 238,Сельский округ 238,44.486232,69.894897,1952.0,р. Иртыш,1.3,2.59,,2.59,295.0,0.8,0.6,0.20000000000000007,,74.0,удов.,Кадастровый № 0238,Госакт № 0238
237,32.0,Канал №32 (Район 239),canal,Канал,Район 239,Сельский округ 239,43.58881,72.428512,1952.0,р. Иртыш,1.5,10.353,,10.353,600.0,0.8,0.6,0.20000000000000007,,74.0,удов.,Кадастровый № 0239,Госакт № 0239
238,33.0,Канал №33 (Район 240),canal,Канал,Район 240,Сельский округ 240,43.399757,72.535339,1962.0,р. Иртыш,1.2,3.305,3.305,,303.0,0.72,0.4,0.31999999999999995,,64.0,удов.,Кадастровый № 0240,Госакт № 0240
239,34.0,Канал №34 (Район 241),canal,Канал,Район 241,Сельский округ 241,43.069979,71.71347,1952.0,р. Иртыш,0.25,0.65,0.65,,59.0,0.72,0.4,0.31999999999999995,,74.0,удов.,Кадастровый № 0241,Госакт № 0241
240,35.0,Канал №35 (Район 242),canal,Канал,Район 242,Сельский округ 242,44.795879,73.606659,1952.0,р. Иртыш,0.25,0.89,0.89,,,0.72,0.4,0.31999999999999995,,74.0,удов.,Кадастровый № 0242,Госакт № 0242
241,36.0,Канал №36 (Район 243),canal,Канал,Район 243,Сельский округ 243,43.984939,71.774795,1952.0,р. Иртыш,1.3,3.873,,3.873,292.0,0.8,0.6,0.20000000000000007,,74.0,удов.,Кадастровый № 0243,Госакт № 0243
242,37.0,Канал №37 (Район 244),canal,Канал,Район 244,Сельский округ 244,43.042317,71.479975,1962.0,р. Иртыш,0.8,3.588,,3.588,310.0,0.8,0.6,0.20000000000000007,,64.0,удов.,Кадастровый № 0244,Госакт № 0244
243,38.0,Канал №38 (Район 245),canal,Канал,Район 245,Сельский округ 245,43.946751,70.918376,1952.0,р. Иртыш,1.35,5.4,5.4,,510.0,0.72,0.4,0.31999999999999995,,74.0,удов.,Кадастровый № 0245,Госакт № 0245
244,39.0,Канал №39 (Район 246),canal,Канал,Район 246,Сельский округ 246,43.43597,69.904257,1987.0,р. Иртыш,1.1,8.134,,8.134,200.0,0.8,0.6,0.20000000000000007,,39.0,удов.,Кадастровый № 0246,Госакт № 0246
245,40.0,Канал №40 (Район 247),canal,Канал,Район 247,Сельский округ 247,42.501317,74.092084,1987.0,р. Иртыш,0.5,1.34,1.34,,200.0,0.72,0.4,0.31999999999999995,,39.0,удов.,Кадастровый № 0247,Госакт № 0247
246,41.0,Канал №41 (Район 248),canal,Канал,Район 248,Сельский округ 248,43.347173,74.029494,1962.0,р. Иртыш,0.8,1.242,,1.242,202.0,0.8,0.6,0.20000000000000007,,64.0,удов.,Кадастровый № 0248,Госакт № 0248
247,42.0,Канал №42 (Район 249),canal,Канал,Район 249,Сельский округ 249,43.306155,70.791764,1962.0,р. Иртыш,0.8,2.024,2.024,,228.0,0.72,0.4,0.31999999999999995,,64.0,удов.,Кадастровый № 0249,Госакт № 0249
248,43.0,Канал №43 (Район 250),canal,Канал,Район 250,Сельский округ 250,44.552793,72.645037,1962.0,р. Иртыш,0.5,3.1,,3.1,158.0,0.8,0.6,0.20000000000000007,,64.0,удов.,Кадастровый № 0250,Госакт № 0250
249,44.0,Канал №44 (Район 251),canal,Канал,Район 251,Сельский округ 251,42.926843,72.475586,1962.0,р. Иртыш,,3.48,3.48,,,0.8,0.6,0.20000000000000007,,64.0,удов.,Кадастровый № 0251,
250,45.0,Канал №45 (Район 252),canal,Канал,Район 252,Сельский округ 252,42.569936,72.310728,1962.0,р. Иртыш,0.5,1.238,1.238,,,0.8,0.6,0.20000000000000007,,64.0,удов.,Кадастровый № 0252,
251,46.0,Канал №46 (Район 253),canal,Канал,Район 253,Сельский округ 253,44.540428,71.430082,1962.0,р. Иртыш,0.5,1.145,1.145,,71.0,0.72,0.4,0.31999999999999995,,64.0,удов.,Кадастровый № 0253,Госакт № 0253
252,47.0,Канал №47 (Район 254),canal,Канал,Район 254,Сельский округ 254,44.591943,73.614681,1962.0,р. Иртыш,0.5,3.353,,3.353,60.0,0.8,0.6,0.20000000000000007,,64.0,удов.,Кадастровый № 0254,Госакт № 0254
253,48.0,Канал №48 (Район 255),canal,Канал,Район 255,Сельский округ 255,43.092162,69.625935,1952.0,р. Иртыш,3.5,2.747,2.747,,78.0,0.8,0.6,0.20000000000000007,,74.0,удов.,Кадастровый № 0255,Госакт № 0255
254,49.0,Канал №49 (Район 256),canal,Канал,Район 256,Сельский округ 256,44.231417,74.252451,1980.0,р. Иртыш,0.62,8.204,,8.204,321.0,0.8,0.6,0.20000000000000007,,46.0,удов.,Кадастровый № 0256,Госакт № 0256
255,50.0,Канал №50 (Район 257),canal,Канал,Район 257,Сельский округ 257,44.69435,70.673452,1952.0,р. Иртыш,0.4,0.775,0.775,,13.0,0.72,0.4,0.31999999999999995,,74.0,удов.,Кадастровый № 0257,Госакт № 0257
256,51.0,Канал №51 (Район 258),canal,Канал,Район 258,Сельский округ 258,44.570345,73.864988,1952.0,р. Иртыш,0.75,1.479,1.479,,310.0,0.8,0.6,0.20000000000000007,,74.0,удов.,Кадастровый № 0258,Госакт № 0258
257,52.0,Канал №52 (Район 259),canal,Канал,Район 259,Сельский округ 259,44.950653,70.305524,1952.0,р. Иртыш,0.35,3.295,3.295,,45.0,0.72,0.4,0.31999999999999995,,74.0,удов.,Кадастровый № 0259,Госакт № 0259
258,53.0,Канал №53 (Район 260),canal,Канал,Район 260,Сельский округ 260,43.299726,71.400669,1965.0,р. Иртыш,0.3,3.703,,3.703,136.0,0.8,0.6,0.20000000000000007,,61.0,удов.,Кадастровый № 0260,Госакт № 0260
259,54.0,Канал №54 (Район 261),canal,Канал,Район 261,Сельский округ 261,43.235145,73.50461,1940.0,р. Иртыш,0.25,1.115,1.115,,128.0,0.72,0.4,0.31999999999999995,,86.0,удов.,Кадастровый № 0261,Госакт № 0261
260,55.0,Канал №55 (Район 262),canal,Канал,Район 262,,43.305834,71.045294,1940.0,р. Иртыш,0.25,1.272,1.272,,205.0,0.72,0.4,0.31999999999999995,,86.0,удов.,,
261,56.0,Канал №56 (Район 263),canal,Канал,Район 263,Сельский округ 263,43.316891,69.992606,1940.0,р. Иртыш,0.63,4.237,4.237,,241.0,0.72,0.4,0.31999999999999995,,86.0,удов.,Кадастровый № 0263,Госакт № 0263
262,57.0,Канал №57 (Район 264),canal,Канал,Район 264,Сельский округ 264,44.673307,71.903105,1987.0,р. Иртыш,0.35,2.291,,2.291,432.0,0.8,0.6,0.20000000000000007,,39.0,удов.,Кадастровый № 0264,Госакт № 0264
263,58.0,Канал №58 (Район 265),canal,Канал,Район 265,Сельский округ 265,44.575476,73.408878,1981.0,р. Иртыш,0.42,3.8,,3.8,279.0,0.8,0.6,0.20000000000000007,,45.0,удов.,Кадастровый № 0265,Госакт № 0265
264,59.0,Канал №59 (Район 266),canal,Канал,Район 266,Сельский округ 266,44.753638,71.508119,1965.0,р. Иртыш,0.52,3.41,3.41,,75.0,0.72,0.4,0.31999999999999995,,61.0,удов.,Кадастровый № 0266,Госакт № 0266
265,60.0,Канал №60 (Район 267),canal,Канал,Район 267,Сельский округ 267,43.393521,71.361043,1965.0,р. Иртыш,0.53,1.699,1.699,,28.0,0.72,0.4,0.31999999999999995,,61.0,удов.,Кадастровый № 0267,Госакт № 0267
266,61.0,Канал №61 (Район 268),canal,Канал,Район 268,Сельский округ 268,42.918316,70.010321,1964.0,р. Иртыш,,1.938,1.938,,35.0,0.72,0.4,0.31999999999999995,,62.0,удов.,Кадастровый № 0268,Госакт № 0268
267,62.0,Канал №62 (Район 269),canal,Канал,Район 269,Сельский округ 269,42.530926,73.792338,1964.0,р. Иртыш,,5.105,5.105,,132.0,0.72,0.4,0.31999999999999995,,62.0,удов.,Кадастровый № 0269,Госакт № 0269
268,63.0,Канал №63 (Район 270),canal,Канал,Район 270,Сельский округ 270,44.62119,71.011913,1983.0,р. Иртыш,0.5,8.743,8.743,,795.0,0.72,0.4,0.31999999999999995,,43.0,удов.,Кадастровый № 0270,Госакт № 0270
269,64.0,Канал №64 (Район 271),canal,Канал,Район 271,Сельский округ 271,42.719783,73.566465,1984.0,р. Иртыш,0.5,4.164,4.164,,350.0,0.72,0.4,0.31999999999999995,,42.0,удов.,Кадастровый № 0271,Госакт № 0271
270,65.0,Канал №65 (Район 272),canal,Канал,Район 272,Сельский округ 272,43.883408,71.625187,1982.0,р. Иртыш,0.4,2.166,2.166,,240.0,0.72,0.4,0.31999999999999995,,44.0,удов.,Кадастровый № 0272,Госакт № 0272
271,66.0,Канал №66 (Район 273),canal,Канал,Район 273,Сельский округ 273,44.32053,70.09231,1987.0,р. Иртыш,0.5,2.114,2.114,,380.0,0.72,0.4,0.31999999999999995,,39.0,удов.,Кадастровый № 0273,Госакт № 0273
272,67.0,Канал №67 (Район 274),canal,Канал,Район 274,Сельский округ 274,43.145436,72.235065,1988.0,р. Иртыш,0.5,0.824,0.824,,175.0,0.72,0.4,0.31999999999999995,,38.0,удов.,Кадастровый № 0274,Госакт № 0274
273,68.0,Канал №68 (Район 275),canal,Канал,Район 275,Сельский округ 275,43.748822,70.989539,1988.0,р. Иртыш,0.5,2.853,2.853,,228.0,0.72,0.4,0.31999999999999995,,38.0,удов.,Кадастровый № 0275,Госакт № 0275
274,69.0,Канал №69 (Район 276),canal,Канал,Район 276,Сельский округ 276,44.427709,70.493923,1982.0,р. Иртыш,0.5,2.619,2.619,,275.0,0.72,0.4,0.31999999999999995,,44.0,удов.,Кадастровый № 0276,Госакт № 0276
275,70.0,Канал №70 (Район 277),canal,Канал,Район 277,Сельский округ 277,43.204228,71.90853,1983.0,р. Иртыш,0.4,1.069,1.069,,207.0,0.72,0.4,0.31999999999999995,,43.0,удов.,Кадастровый № 0277,Госакт № 0277
276,71.0,Канал №71 (Район 278),canal,Канал,Район 278,Сельский округ 278,44.613263,71.030889,1989.0,р. Иртыш,3.0,4.9,4.9,,300.0,0.72,0.4,0.31999999999999995,,37.0,удов.,Кадастровый № 0278,Госакт № 0278
277,72.0,Канал №72 (Район 279),canal,Канал,Район 279,Сельский округ 279,42.565913,73.527206,1980.0,р. Иртыш,0.6,1.754,1.754,,229.0,0.72,0.4,0.31999999999999995,,46.0,удов.,Кадастровый № 0279,Госакт № 0279
278,73.0,Канал №73 (Район 280),canal,Канал,Район 280,Сельский округ 280,44.49408,69.950659,1980.0,р. Иртыш,0.8,0.434,0.434,,468.0,0.72,0.4,0.31999999999999995,,46.0,удов.,Кадастровый № 0280,Госакт № 0280
279,74.0,Канал №74 (Район 281),canal,Канал,Район 281,Сельский округ 281,44.804455,70.113087,1980.0,р. Иртыш,0.5,5.803,5.803,,140.0,,,,,46.0,удов.,Кадастровый № 0281,Госакт № 0281
280,75.0,Канал №75 (Район 282),canal,Канал,Район 282,Сельский округ 282,43.497702,71.947506,1980.0,р. Иртыш,0.5,0.886,0.886,,240.0,,,,,46.0,удов.,Кадастровый № 0282,Госакт № 0282
281,76.0,Канал №76 (Район 283),canal,Канал,Район 283,Сельский округ 283,42.609313,70.291039,1980.0,р. Иртыш,0.5,0.931,0.931,,486.0,,,,,46.0,удов.,Кадастровый № 0283,Госакт № 0283
282,77.0,Канал №77 (Район 284),canal,Канал,Район 284,Сельский округ 284,43.626799,71.130106,1980.0,р. Иртыш,0.4,1.191,1.191,,488.0,0.72,0.4,0.31999999999999995,,46.0,удов.,Кадастровый № 0284,Госакт № 0284
283,78.0,Канал №78 (Район 285),canal,Канал,Район 285,Сельский округ 285,44.961261,69.934128,1980.0,р. Иртыш,0.5,1.128,1.128,,346.0,0.72,0.4,0.31999999999999995,,46.0,удов.,Кадастровый № 0285,Госакт № 0285
284,79.0,Канал №79 (Район 286),canal,Канал,Район 286,Сельский округ 286,44.038869,72.248109,,р. Иртыш,0.5,10.195,,10.195,355.0,,,,,,удов.,Кадастровый № 0286,Госакт № 0286
285,80.0,Канал №80 (Район 287),canal,Канал,Район 287,Сельский округ 287,44.133039,70.371581,1982.0,р. Иртыш,0.4,3.012,3.012,,170.0,0.72,0.4,0.31999999999999995,,44.0,удов.,Кадастровый № 0287,Госакт № 0287
286,81.0,Канал №81 (Район 288),canal,Канал,Район 288,Сельский округ 288,44.905476,73.516766,1977.0,р. Иртыш,0.4,4.155,4.155,,340.0,0.72,0.4,0.31999999999999995,,49.0,удов.,Кадастровый № 0288,Госакт № 0288
287,82.0,Канал №82 (Район 289),canal,Канал,Район 289,Сельский округ 289,43.14516,71.657084,1980.0,р. Иртыш,0.4,0.446,0.446,,41.0,0.72,0.4,0.31999999999999995,,46.0,удов.,Кадастровый № 0289,Госакт № 0289
288,83.0,Канал №83 (Район 290),canal,Канал,Район 290,Сельский округ 290,44.994477,70.516987,1980.0,р. Иртыш,1.0,4.743,,4.743,284.0,0.72,0.4,0.31999999999999995,,46.0,удов.,Кадастровый № 0290,
289,84.0,Канал №84 (Район 291),canal,Канал,Район 291,Сельский округ 291,43.539654,72.814387,1977.0,р. Иртыш,0.4,5.169,5.169,,135.0,0.72,0.4,0.31999999999999995,,49.0,удов.,Кадастровый № 0291,Госакт № 0291
290,85.0,Канал №85 (Район 292),canal,Канал,Район 292,Сельский округ 292,44.803861,74.263814,1977.0,р. Иртыш,0.4,1.605,1.605,,45.0,0.72,0.4,0.31999999999999995,,49.0,удов.,Кадастровый № 0292,Госакт № 0292
291,86.0,Канал №86 (Район 293),canal,Канал,Район 293,Сельский округ 293,44.53534,73.33813,1988.0,р. Иртыш,0.4,3.403,3.403,,120.0,0.72,0.4,0.31999999999999995,,38.0,удов.,Кадастровый № 0293,Госакт № 0293
292,87.0,Канал №87 (Район 294),canal,Канал,Район 294,Сельский округ 294,44.987263,74.11152,1988.0,р. Иртыш,0.2,2.508,2.508,,124.0,0.72,0.4,0.31999999999999995,,38.0,удов.,Кадастровый № 0294,Госакт № 0294
293,88.0,Канал №88 (Район 295),canal,Канал,Район 295,,43.05933,74.383438,1980.0,р. Иртыш,0.4,1.64,1.64,,275.0,0.72,0.4,0.31999999999999995,,46.0,удов.,Кадастровый № 0295,Госакт № 0295
294,89.0,Канал №89 (Район 296),canal,Канал,Район 296,Сельский округ 296,43.103431,73.86726,1980.0,р. Иртыш,0.8,8.478,,8.478,616.0,0.72,0.4,0.31999999999999995,,46.0,удов.,Кадастровый № 0296,Госакт № 0296
295,90.0,Канал №90 (Район 297),canal,Канал,Район 297,Сельский округ 297,43.796882,72.918799,1980.0,р. Иртыш,0.8,17.257,17.257,,674.0,0.72,0.4,0.31999999999999995,,46.0,удов.,Кадастровый № 0297,Госакт № 0297
296,91.0,Канал №91 (Район 298),canal,Канал,Район 298,Сельский округ 298,43.311105,74.128187,1980.0,р. Иртыш,0.4,3.394,3.394,,178.0,0.72,0.4,0.31999999999999995,,46.0,удов.,Кадастровый № 0298,
297,92.0,Канал №92 (Район 299),canal,Канал,Район 299,Сельский округ 299,44.999702,71.278987,1980.0,р. Иртыш,0.4,2.496,2.496,,99.0,0.72,0.4,0.31999999999999995,,46.0,удов.,Кадастровый № 0299,Госакт № 0299
298,93.0,Канал №93 (Район 300),canal,Канал,Район 300,Сельский округ 300,44.468382,74.366625,1980.0,р. Иртыш,0.4,1.821,1.821,,124.0,0.72,0.4,0.31999999999999995,,46.0,удов.,Кадастровый № 0300,Госакт № 0300
299,94.0,Канал №94 (Район 301),canal,Канал,Район 301,Сельский округ 301,43.424338,70.59254,1980.0,р. Иртыш,0.2,2.159,2.159,,156.0,0.72,0.4,0.31999999999999995,,46.0,удов.,Кадастровый № 0301,Госакт № 0301
300,95.0,Канал №95 (Район 302),canal,Канал,Район 302,Сельский округ 302,44.80811,69.776617,1976.0,р. Иртыш,0.7,8.26,8.26,,520.0,0.72,0.4,0.31999999999999995,,50.0,удов.,Кадастровый № 0302,Госакт № 0302
301,96.0,Канал №96 (Район 303),canal,Канал,Район 303,Сельский округ 303,44.73657,70.285323,1976.0,р. Иртыш,0.4,8.028,8.028,,140.0,0.72,0.4,0.31999999999999995,,50.0,удов.,Кадастровый № 0303,Госакт № 0303
302,97.0,Канал №97 (Район 304),canal,Канал,Район 304,Сельский округ 304,44.854311,74.162898,1976.0,р. Иртыш,2.0,6.942,6.942,,1218.0,0.72,0.4,0.31999999999999995,,50.0,удов.,Кадастровый № 0304,Госакт № 0304
303,98.0,Канал №98 (Район 305),canal,Канал,Район 305,Сельский округ 305,44.767147,73.775743,1980.0,р. Иртыш,0.4,2.686,2.686,,334.0,0.72,0.4,0.31999999999999995,,46.0,удов.,Кадастровый № 0305,Госакт № 0305
304,99.0,Канал №99 (Район 306),canal,Канал,Район 306,Сельский округ 306,43.613291,74.150498,1986.0,р. Иртыш,0.2,1.967,1.967,,100.0,0.72,0.4,0.31999999999999995,,40.0,удов.,Кадастровый № 0306,Госакт № 0306
305,100.0,Канал №100 (Район 307),canal,Канал,Район 307,Сельский округ 307,44.236463,71.233156,1980.0,р. Иртыш,0.5,2.373,2.373,,520.0,0.72,0.4,0.31999999999999995,,46.0,удов.,Кадастровый № 0307,Госакт № 0307
306,101.0,Канал №101 (Район 308),canal,Канал,Район 308,Сельский округ 308,43.509896,73.572346,1980.0,р. Иртыш,0.4,1.043,1.043,,130.0,0.72,0.4,0.31999999999999995,,46.0,удов.,Кадастровый № 0308,Госакт № 0308
307,102.0,Канал №102 (Район 309),canal,Канал,Район 309,Сельский округ 309,44.604797,69.762207,1980.0,р. Иртыш,0.4,1.056,1.056,,224.0,,,,,46.0,удов.,Кадастровый № 0309,Госакт № 0309
308,103.0,Канал №103 (Район 310),canal,Канал,Район 310,Сельский округ 310,44.629241,71.786764,1980.0,р. Иртыш,0.4,0.692,0.692,,224.0,0.72,0.4,0.31999999999999995,,46.0,удов.,Кадастровый № 0310,Госакт № 0310
309,104.0,Канал №104 (Район 311),canal,Канал,Район 311,Сельский округ 311,44.584966,70.247818,1983.0,р. Иртыш,0.4,3.649,3.649,,58.0,0.72,0.4,0.31999999999999995,,43.0,удов.,Кадастровый № 0311,Госакт № 0311
310,105.0,Канал №105 (Район 312),canal,Канал,Район 312,Сельский округ 312,43.71362,69.845998,1975.0,р. Иртыш,0.4,5.652,5.652,,391.0,0.72,0.4,0.31999999999999995,,51.0,удов.,Кадастровый № 0312,Госакт № 0312
311,106.0,Канал №106 (Район 313),canal,Канал,Район 313,Сельский округ 313,43.919668,69.694692,,р. Иртыш,0.4,3.398,3.398,,836.0,,,,,,удов.,Кадастровый № 0313,Госакт № 0313
312,107.0,Канал №107 (Район 314),canal,Канал,Район 314,Сельский округ 314,42.74402,73.472571,1977.0,р. Иртыш,0.7,3.093,3.093,,496.0,,,,,49.0,удов.,Кадастровый № 0314,Госакт № 0314
313,108.0,Канал №108 (Район 315),canal,Канал,Район 315,Сельский округ 315,44.192374,70.356618,,р. Иртыш,,7.698,7.698,,496.0,0.72,0.4,0.31999999999999995,,,удов.,Кадастровый № 0315,Госакт № 0315
314,109.0,Канал №109 (Район 316),canal,Канал,Район 316,Сельский округ 316,42.692383,70.271495,,р. Иртыш,0.2,2.005,2.005,,117.0,0.72,0.4,0.31999999999999995,,,удов.,Кадастровый № 0316,Госакт № 0316
315,110.0,Канал №110 (Район 317),canal,Канал,Район 317,Сельский округ 317,42.550545,71.43033,1977.0,р. Иртыш,0.5,0.741,0.741,,463.0,0.8,0.6,0.20000000000000007,,49.0,удов.,Кадастровый № 0317,Госакт № 0317
316,111.0,Канал №111 (Район 318),canal,Канал,Район 318,Сельский округ 318,44.368166,72.199202,1977.0,р. Иртыш,0.3,2.707,2.707,,,0.8,0.6,0.20000000000000007,,49.0,удов.,Кадастровый № 0318,Госакт № 0318
317,112.0,Канал №112 (Район 319),canal,Канал,Район 319,Сельский округ 319,44.328108,70.589162,,р. Иртыш,0.4,2.19,2.19,,,0.6,0.9,-0.30000000000000004,,,не удов.,Кадастровый № 0319,Госакт № 0319
318,113.0,Канал №113 (Район 320),canal,Канал,Район 320,Сельский округ 320,43.650536,70.995174,1977.0,р. Иртыш,0.2,6.364,6.364,,,0.8,0.6,0.20000000000000007,,49.0,удов.,Кадастровый № 0320,Госакт № 0320
319,114.0,Канал №114 (Район 321),canal,Канал,Район 321,Сельский округ 321,44.905708,73.97153,1977.0,р. Иртыш,0.5,3.787,3.787,,415.0,0.8,0.6,0.20000000000000007,,49.0,удов.,Кадастровый № 0321,Госакт № 0321
320,115.0,Канал №115 (Район 322),canal,Канал,Район 322,Сельский округ 322,43.653241,72.092583,1981.0,р. Иртыш,0.7,4.153,4.153,,142.0,0.72,0.4,0.31999999999999995,,45.0,удов.,Кадастровый № 0322,Госакт № 0322
321,116.0,Канал №116 (Район 323),canal,Канал,Район 323,Сельский округ 323,43.79591,71.37306,1978.0,р. Иртыш,0.2,2.135,2.135,,102.0,0.72,0.4,0.31999999999999995,,48.0,удов.,Кадастровый № 0323,Госакт № 0323
322,117.0,Канал №117 (Район 324),canal,Канал,Район 324,Сельский округ 324,42.644847,72.236175,1980.0,р. Иртыш,0.4,0.626,0.626,,125.0,0.72,0.4,0.31999999999999995,,46.0,удов.,Кадастровый № 0324,Госакт № 0324
323,118.0,Канал №118 (Район 325),canal,Канал,Район 325,Сельский округ 325,42.983883,70.615748,1981.0,р. Иртыш,2.0,9.248,9.248,,1476.0,0.72,0.4,0.31999999999999995,,45.0,удов.,Кадастровый № 0325,Госакт № 0325
324,119.0,Канал №119 (Район 326),canal,Канал,Район 326,Сельский округ 326,44.720398,69.854824,,р. Иртыш,1.0,6.851,6.851,,,0.72,0.4,0.31999999999999995,,,удов.,Кадастровый № 0326,Госакт № 0326
325,120.0,Канал №120 (Район 327),canal,Канал,Район 327,Сельский округ 327,43.85878,69.762974,1935.0,р. Иртыш,0.4,2.535,2.535,,269.0,0.72,0.4,0.31999999999999995,,91.0,удов.,Кадастровый № 0327,Госакт № 0327
326,121.0,Канал №121 (Район 328),canal,Канал,Район 328,Сельский округ 328,43.071411,73.221531,,р. Иртыш,0.4,2.585,2.585,,546.0,,,,,,удов.,Кадастровый № 0328,Госакт № 0328
327,122.0,Канал №122 (Район 329),canal,Канал,Район 329,Сельский округ 329,42.680769,69.56272,1935.0,р. Иртыш,0.6,4.276,4.276,,571.0,0.72,0.4,0.31999999999999995,,91.0,удов.,Кадастровый № 0329,Госакт № 0329
328,123.0,Канал №123 (Район 330),canal,Канал,Район 330,Сельский округ 330,44.131774,72.145526,1976.0,р. Иртыш,0.8,3.966,3.966,,718.0,0.72,0.4,0.31999999999999995,,50.0,удов.,Кадастровый № 0330,Госакт № 0330
329,124.0,Канал №124 (Район 331),canal,Канал,Район 331,Сельский округ 331,44.458708,74.019515,,р. Иртыш,0.5,5.061,5.061,,479.0,,,,,,удов.,Кадастровый № 0331,Госакт № 0331
330,125.0,Канал №125 (Район 332),canal,Канал,Район 332,Сельский округ 332,44.332484,72.038145,1939.0,р. Иртыш,0.4,2.871,2.871,,280.0,0.72,0.4,0.31999999999999995,,87.0,удов.,Кадастровый № 0332,Госакт № 0332
331,126.0,Канал №126 (Район 333),canal,Канал,Район 333,Сельский округ 333,43.577603,72.538367,1937.0,р. Иртыш,1.0,3.65,3.65,,754.0,0.72,0.4,0.31999999999999995,,89.0,удов.,Кадастровый № 0333,Госакт № 0333
332,127.0,Канал №127 (Район 334),canal,Канал,Район 334,Сельский округ 334,43.595894,70.602601,1938.0,р. Иртыш,1.5,5.014,5.014,,1384.0,0.72,0.4,0.31999999999999995,,88.0,удов.,Кадастровый № 0334,Госакт № 0334
333,128.0,Канал №128 (Район 335),canal,Канал,Район 335,Сельский округ 335,43.719161,72.290955,1982.0,р. Иртыш,0.4,3.859,3.859,,360.0,0.72,0.4,0.31999999999999995,,44.0,удов.,Кадастровый № 0335,Госакт № 0335
334,129.0,Канал №129 (Район 336),canal,Канал,Район 336,Сельский округ 336,44.648361,72.783893,1967.0,р. Иртыш,0.4,6.999,6.999,,257.0,0.72,0.4,0.31999999999999995,,59.0,удов.,Кадастровый № 0336,Госакт № 0336
335,130.0,Канал №130 (Район 337),canal,Канал,Район 337,Сельский округ 337,43.969176,72.192548,1969.0,р. Иртыш,0.2,2.7,2.7,,120.0,0.72,0.4,0.31999999999999995,,57.0,удов.,Кадастровый № 0337,Госакт № 0337
336,131.0,Канал №131 (Район 338),canal,Канал,Район 338,Сельский округ 338,44.933981,69.744889,1972.0,р. Иртыш,0.2,1.966,1.966,,162.0,0.72,0.4,0.31999999999999995,,54.0,удов.,Кадастровый № 0338,Госакт № 0338
337,132.0,Канал №132 (Район 339),canal,Канал,Район 339,Сельский округ 339,42.905665,73.472926,,р. Иртыш,0.4,2.136,2.136,,173.0,0.6,0.9,-0.30000000000000004,,,не удов.,Кадастровый № 0339,Госакт № 0339
338,133.0,Канал №133 (Район 340),canal,Канал,Район 340,Сельский округ 340,43.078758,72.755984,1981.0,р. Иртыш,0.4,1.668,1.668,,350.0,0.6,0.9,-0.30000000000000004,,45.0,не удов.,Кадастровый № 0340,Госакт № 0340
339,134.0,Канал №134 (Район 341),canal,Канал,Район 341,Сельский округ 341,44.840223,72.453952,,р. Иртыш,0.4,2.114,2.114,,274.0,0.6,0.9,-0.30000000000000004,,,не удов.,Кадастровый № 0341,Госакт № 0341
340,135.0,Канал №135 (Район 342),canal,Канал,Район 342,Сельский округ 342,44.152805,73.163832,1972.0,р. Иртыш,0.5,3.153,3.153,,288.0,0.6,0.9,-0.30000000000000004,,54.0,не удов.,Кадастровый № 0342,Госакт № 0342
341,136.0,Канал №136 (Район 343),canal,Канал,Район 343,Сельский округ 343,43.446182,73.801658,,р. Иртыш,0.4,3.948,3.948,,390.0,0.6,0.9,-0.30000000000000004,,,не удов.,Кадастровый № 0343,Госакт № 0343
342,137.0,Канал №137 (Район 344),canal,Канал,Район 344,Сельский округ 344,44.294328,73.280174,,р. Иртыш,0.4,2.097,2.097,,415.0,0.6,0.9,-0.30000000000000004,,,не удов.,Кадастровый № 0344,Госакт № 0344
343,138.0,Канал №138 (Район 345),canal,Канал,Район 345,Сельский округ 345,43.224292,72.492281,,р. Иртыш,0.5,5.01,5.01,,280.0,0.6,0.9,-0.30000000000000004,,,не удов.,Кадастровый № 0345,Госакт № 0345
344,139.0,Канал №139 (Район 346),canal,Канал,Район 346,Сельский округ 346,42.815485,72.876584,,р. Иртыш,0.3,1.651,1.651,,100.0,0.6,0.9,-0.30000000000000004,,,не удов.,Кадастровый № 0346,Госакт № 0346
345,140.0,Канал №140 (Район 347),canal,Канал,Район 347,Сельский округ 347,44.992995,71.82233,,р. Иртыш,0.5,4.363,4.363,,300.0,0.6,0.9,-0.30000000000000004,,,не удов.,Кадастровый № 0347,Госакт № 0347
346,141.0,Канал №141 (Район 348),canal,Канал,Район 348,Сельский округ 348,43.45162,71.009191,,р. Иртыш,0.4,3.384,3.384,,100.0,0.6,0.9,-0.30000000000000004,,,не удов.,Кадастровый № 0348,Госакт № 0348
347,142.0,Канал №142 (Район 349),canal,Канал,Район 349,Сельский округ 349,42.950104,71.695716,,р. Иртыш,0.4,2.386,2.386,,150.0,0.6,0.9,-0.30000000000000004,,,не удов.,Кадастровый № 0349,Госакт № 0349
348,143.0,Канал №143 (Район 350),canal,Канал,Район 350,Сельский округ 350,44.937668,70.717841,,р. Иртыш,0.4,3.576,3.576,,430.0,0.6,0.9,-0.30000000000000004,,,не удов.,Кадастровый № 0350,Госакт № 0350
349,144.0,Канал №144 (Район 351),canal,Канал,Район 351,Сельский округ 351,43.051732,73.277765,,р. Иртыш,0.4,3.471,3.471,,871.0,0.6,0.9,-0.30000000000000004,,,не удов.,Кадастровый № 0351,Госакт № 0351
350,145.0,Канал №145 (Район 352),canal,Канал,Район 352,Сельский округ 352,44.565505,72.329629,,р. Иртыш,0.5,6.646,6.646,,871.0,0.6,0.9,-0.30000000000000004,,,не удов.,Кадастровый № 0352,Госакт № 0352
351,146.0,Канал №146 (Район 353),canal,Канал,Район 353,Сельский округ 353,44.760108,71.60861,,р. Иртыш,1.5,2.993,2.993,,120.0,0.6,0.9,-0.30000000000000004,,,не удов.,Кадастровый № 0353,Госакт № 0353
352,147.0,Канал №147 (Район 354),canal,Канал,Район 354,Сельский округ 354,43.712449,73.177729,,р. Иртыш,0.5,12.193,12.193,,,0.6,0.9,-0.30000000000000004,,,не удов.,Кадастровый № 0354,Госакт № 0354
353,148.0,Канал №148 (Район 355),canal,Канал,Район 355,Сельский округ 355,43.066468,71.49412,1975.0,р. Иртыш,1.0,6.7,6.7,,795.0,0.6,0.9,-0.30000000000000004,,51.0,не удов.,Кадастровый № 0355,Госакт № 0355
354,149.0,Канал №149 (Район 356),canal,Канал,Район 356,Сельский округ 356,44.112224,69.599727,,р. Иртыш,0.2,2.226,2.226,,77.0,0.72,0.4,0.31999999999999995,,,удов.,Кадастровый № 0356,Госакт № 0356
355,150.0,Канал №150 (Район 357),canal,Канал,Район 357,Сельский округ 357,42.691877,69.872262,,р. Иртыш,0.4,1.741,,1.741,475.0,0.72,0.4,0.31999999999999995,,,удов.,Кадастровый № 0357,Госакт № 0357
356,151.0,Канал №151 (Район 358),canal,Канал,Район 358,Сельский округ 358,43.560453,74.49457,,р. Иртыш,0.5,1.709,,1.709,359.0,0.72,0.4,0.31999999999999995,,,удов.,Кадастровый № 0358,Госакт № 0358
357,152.0,Канал №152 (Район 359),canal,Канал,Район 359,Сельский округ 359,43.806239,71.224867,,р. Иртыш,0.25,3.766,3.766,,500.0,0.72,0.4,0.31999999999999995,,,удов.,Кадастровый № 0359,Госакт № 0359
358,153.0,Канал №153 (Район 360),canal,Канал,Район 360,Сельский округ 360,44.29594,72.239602,,р. Иртыш,0.25,1.498,1.498,,594.0,0.72,0.4,0.31999999999999995,,,удов.,Кадастровый № 0360,Госакт № 0360
359,154.0,Канал №154 (Район 361),canal,Канал,Район 361,Сельский округ 361,44.936333,70.296887,1974.0,р. Иртыш,0.5,12.385,12.385,,87.0,0.8,0.6,0.20000000000000007,,52.0,удов.,Кадастровый № 0361,Госакт № 0361
360,155.0,Канал №155 (Район 362),canal,Канал,Район 362,Сельский округ 362,42.88331,73.551524,1974.0,р. Иртыш,0.3,7.3,7.3,,205.0,0.8,0.6,0.20000000000000007,,52.0,удов.,Кадастровый № 0362,Госакт № 0362
361,156.0,Канал №156 (Район 363),canal,Канал,Район 363,Сельский округ 363,43.883262,72.400848,1974.0,р. Иртыш,0.35,1.574,1.574,,420.0,0.8,0.6,0.20000000000000007,,52.0,удов.,Кадастровый № 0363,Госакт № 0363
362,157.0,Канал №157 (Район 364),canal,Канал,Район 364,Сельский округ 364,44.154558,70.471997,,р. Иртыш,0.3,4.531,4.531,,194.0,,,,,,удов.,Кадастровый № 0364,Госакт № 0364
363,158.0,Канал №158 (Район 365),canal,Канал,Район 365,Сельский округ 365,42.831296,70.887517,,р. Иртыш,0.6,2.023,2.023,,100.0,,,,,,удов.,Кадастровый № 0365,Госакт № 0365
364,159.0,Канал №159 (Район 366),canal,Канал,Район 366,Сельский округ 366,42.944341,71.930828,,р. Иртыш,0.5,0.336,0.336,,200.0,,,,,,удов.,Кадастровый № 0366,Госакт № 0366
365,160.0,Канал №160 (Район 367),canal,Канал,Район 367,Сельский округ 367,42.618388,70.46298,,р. Иртыш,0.8,3.413,3.413,,100.0,,,,,,удов.,Кадастровый № 0367,Госакт № 0367
366,161.0,Канал №161 (Район 368),canal,Канал,Район 368,Сельский округ 368,44.588111,71.137357,,р. Иртыш,0.7,5.619,5.619,,514.0,,,,,,удов.,Кадастровый № 0368,Госакт № 0368
367,162.0,Канал №162 (Район 369),canal,Канал,Район 369,Сельский округ 369,44.372915,71.289461,,р. Иртыш,0.8,4.5,4.5,,868.0,,,,,,удов.,Кадастровый № 0369,Госакт № 0369
368,163.0,Канал №163 (Район 370),canal,Канал,Район 370,Сельский округ 370,43.598504,70.362025,,р. Иртыш,0.8,2.538,,2.538,671.0,0.8,0.6,0.20000000000000007,,,удов.,Кадастровый № 0370,Госакт № 0370
369,164.0,Канал №164 (Район 371),canal,Канал,Район 371,Сельский округ 371,43.539232,74.255559,,р. Иртыш,0.4,1.973,,1.973,285.0,0.8,0.6,0.20000000000000007,,,удов.,Кадастровый № 0371,Госакт № 0371
370,165.0,Канал №165 (Район 372),canal,Канал,Район 372,Сельский округ 372,44.036781,73.020293,,р. Иртыш,0.1,3.476,,3.476,290.0,0.8,0.6,0.20000000000000007,,,удов.,Кадастровый № 0372,Госакт № 0372
371,166.0,Канал №166 (Район 373),canal,Канал,Район 373,Сельский округ 373,44.886244,72.066163,,р. Иртыш,0.1,0.935,0.935,,251.0,0.8,0.6,0.20000000000000007,,,удов.,Кадастровый № 0373,
372,167.0,Канал №167 (Район 374),canal,Канал,Район 374,Сельский округ 374,43.979777,73.57947,,р. Иртыш,0.2,2.069,2.069,,91.0,0.8,0.6,0.20000000000000007,,,удов.,Кадастровый № 0374,Госакт № 0374
373,168.0,Канал №168 (Район 375),canal,Канал,Район 375,Сельский округ 375,43.674754,72.513821,,р. Иртыш,0.4,2.952,,2.952,295.0,0.8,0.6,0.20000000000000007,,,удов.,Кадастровый № 0375,Госакт № 0375
374,169.0,Канал №169 (Район 376),canal,Канал,Район 376,Сельский округ 376,44.379415,70.217677,,р. Иртыш,0.5,1.876,,1.876,364.0,0.8,0.6,0.20000000000000007,,,удов.,Кадастровый № 0376,Госакт № 0376
375,170.0,Канал №170 (Район 377),canal,Канал,Район 377,Сельский округ 377,43.075419,70.523842,,р. Иртыш,0.3,0.525,0.525,,300.0,0.8,0.6,0.20000000000000007,,,удов.,Кадастровый № 0377,Госакт № 0377
376,171.0,Канал №171 (Район 378),canal,Канал,Район 378,Сельский округ 378,42.948897,73.326416,1979.0,р. Иртыш,0.8,1.867,,1.867,682.0,0.8,0.6,0.20000000000000007,,47.0,удов.,Кадастровый № 0378,Госакт № 0378
377,172.0,Канал №172 (Район 379),canal,Канал,Район 379,Сельский округ 379,43.644402,69.635927,1979.0,р. Иртыш,1.5,1.388,,1.388,1457.0,0.8,0.6,0.20000000000000007,,47.0,удов.,Кадастровый № 0379,Госакт № 0379
378,173.0,Канал №173 (Район 380),canal,Канал,Район 380,Сельский округ 380,43.513516,73.511741,,р. Иртыш,2.5,3.385,,3.385,2190.0,0.8,0.6,0.20000000000000007,,,удов.,Кадастровый № 0380,Госакт № 0380
379,174.0,Канал №174 (Район 381),canal,Канал,Район 381,Сельский округ 381,44.57901,69.721494,1970.0,р. Иртыш,2.0,3.172,,3.172,1659.0,0.8,0.6,0.20000000000000007,,56.0,удов.,Кадастровый № 0381,Госакт № 0381
380,175.0,Канал №175 (Район 382),canal,Канал,Район 382,Сельский округ 382,44.300501,73.72496,1970.0,р. Иртыш,0.2,1.871,1.871,,68.0,0.8,0.6,0.20000000000000007,,56.0,удов.,Кадастровый № 0382,Госакт № 0382
381,176.0,Канал №176 (Район 383),canal,Канал,Район 383,Сельский округ 383,42.673465,72.112834,1979.0,р. Иртыш,1.5,5.06,5.06,,1635.0,0.8,0.6,0.20000000000000007,,47.0,удов.,Кадастровый № 0383,Госакт № 0383
382,177.0,Канал №177 (Район 384),canal,Канал,Район 384,Сельский округ 384,44.671375,72.874991,1979.0,р. Иртыш,0.5,3.604,3.604,,350.0,0.8,0.6,0.20000000000000007,,47.0,удов.,Кадастровый № 0384,Госакт № 0384
383,178.0,Канал №178 (Район 385),canal,Канал,Район 385,Сельский округ 385,42.895436,72.008431,1979.0,р. Иртыш,2.5,3.936,3.936,,2850.0,0.8,0.6,0.20000000000000007,,47.0,удов.,Кадастровый № 0385,Госакт № 0385
384,179.0,Канал №179 (Район 386),canal,Канал,Район 386,Сельский округ 386,44.313969,72.929749,1979.0,р. Иртыш,2.0,5.765,,5.765,2120.0,0.8,0.6,0.20000000000000007,,47.0,удов.,Кадастровый № 0386,Госакт № 0386
385,180.0,Канал №180 (Район 387),canal,Канал,Район 387,Сельский округ 387,43.524079,69.565468,1979.0,р. Иртыш,0.3,2.859,,2.859,263.0,0.8,0.6,0.20000000000000007,,47.0,удов.,Кадастровый № 0387,Госакт № 0387
386,181.0,Канал №181 (Район 388),canal,Канал,Район 388,Сельский округ 388,43.148078,73.983197,1979.0,р. Иртыш,0.3,1.144,,1.144,163.0,0.8,0.6,0.20000000000000007,,47.0,удов.,Кадастровый № 0388,Госакт № 0388
387,182.0,Канал №182 (Район 389),canal,Канал,Район 389,Сельский округ 389,44.276363,72.596713,1979.0,р. Иртыш,0.2,2.017,,2.017,159.0,0.8,0.6,0.20000000000000007,,47.0,удов.,Кадастровый № 0389,Госакт № 0389
388,183.0,Канал №183 (Район 390),canal,Канал,Район 390,Сельский округ 390,44.260528,72.014174,,р. Иртыш,0.5,6.317,,6.317,481.0,0.8,0.6,0.20000000000000007,,,удов.,Кадастровый № 0390,Госакт № 0390
389,184.0,Канал №184 (Район 391),canal,Канал,Район 391,Сельский округ 391,44.854829,72.749827,,р. Иртыш,0.5,5.507,,5.507,522.0,0.8,0.6,0.20000000000000007,,,удов.,Кадастровый № 0391,Госакт № 0391
390,185.0,Канал №185 (Район 392),canal,Канал,Район 392,Сельский округ 392,44.233918,71.083902,1942.0,р. Иртыш,0.2,2.547,2.547,,664.0,0.72,0.4,0.31999999999999995,,84.0,удов.,Кадастровый № 0392,Госакт № 0392
391,186.0,Канал №186 (Район 393),canal,Канал,Район 393,Сельский округ 393,43.587023,72.140592,1948.0,р. Иртыш,0.2,0.723,,0.723,335.0,0.8,0.6,0.20000000000000007,,78.0,удов.,Кадастровый № 0393,Госакт № 0393
392,187.0,Канал №187 (Район 394),canal,Канал,Район 394,Сельский округ 394,42.937272,74.440727,1960.0,р. Иртыш,1.2,16.969,,16.969,672.0,0.8,0.6,0.20000000000000007,,66.0,удов.,Кадастровый № 0394,Госакт № 0394
393,188.0,Канал №188 (Район 395),canal,Канал,Район 395,Сельский округ 395,42.983142,72.040129,1960.0,р. Иртыш,1.2,6.212,,6.212,585.0,0.8,0.6,0.20000000000000007,,66.0,удов.,Кадастровый № 0395,Госакт № 0395
394,189.0,Канал №189 (Район 396),canal,Канал,Район 396,Сельский округ 396,44.107215,72.524217,1972.0,р. Иртыш,0.4,5.466,,5.466,720.0,0.8,0.6,0.20000000000000007,,54.0,удов.,Кадастровый № 0396,Госакт № 0396
395,190.0,Канал №190 (Район 397),canal,Канал,Район 397,Сельский округ 397,44.725517,71.273734,1960.0,р. Иртыш,0.4,5.294,,5.294,758.0,0.8,0.6,0.20000000000000007,,66.0,удов.,Кадастровый № 0397,Госакт № 0397
396,191.0,Канал №191 (Район 398),canal,Канал,Район 398,Сельский округ 398,44.054536,71.98135,1960.0,р. Иртыш,1.2,5.548,,5.548,615.0,0.8,0.6,0.20000000000000007,,66.0,удов.,Кадастровый № 0398,Госакт № 0398
397,192.0,Канал №192 (Район 399),canal,Канал,Район 399,Сельский округ 399,43.793563,72.442117,1960.0,р. Иртыш,0.4,5.494,,5.494,621.0,0.8,0.6,0.20000000000000007,,66.0,удов.,Кадастровый № 0399,Госакт № 0399
398,193.0,Канал №193 (Район 400),canal,Канал,Район 400,Сельский округ 400,44.288918,71.023931,1979.0,р. Иртыш,0.8,2.013,,2.013,664.0,0.8,0.6,0.20000000000000007,,47.0,удов.,Кадастровый № 0400,Госакт № 0400
399,194.0,Канал №194 (Район 401),canal,Канал,Район 401,Сельский округ 401,44.509627,69.994536,1985.0,р. Иртыш,0.15,0.447,0.447,,70.0,0.8,0.6,0.20000000000000007,,41.0,удов.,Кадастровый № 0401,Госакт № 0401
400,195.0,Канал №195 (Район 402),canal,Канал,Район 402,Сельский округ 402,42.961992,72.30493,1985.0,р. Иртыш,0.1,0.544,0.544,,90.0,0.8,0.6,0.20000000000000007,,41.0,удов.,Кадастровый № 0402,Госакт № 0402
401,196.0,Канал №196 (Район 403),canal,Канал,Район 403,Сельский округ 403,42.688307,70.738213,1985.0,р. Иртыш,0.15,0.256,0.256,,80.0,0.8,0.6,0.20000000000000007,,41.0,удов.,Кадастровый № 0403,Госакт № 0403
402,197.0,Канал №197 (Район 404),canal,Канал,Район 404,Сельский округ 404,43.241881,71.912785,1985.0,р. Иртыш,0.1,0.231,0.231,,64.0,0.8,0.6,0.20000000000000007,,41.0,удов.,Кадастровый № 0404,Госакт № 0404
403,198.0,Канал №198 (Район 405),canal,Канал,Район 405,Сельский округ 405,43.947397,73.605599,,р. Иртыш,0.3,0.231,0.231,,275.0,0.8,0.6,0.20000000000000007,,,удов.,Кадастровый № 0405,Госакт № 0405
404,199.0,Канал №199 (Район 406),canal,Канал,Район 406,Сельский округ 406,43.378879,73.390987,,р. Иртыш,0.8,1.141,1.141,,398.0,0.8,0.6,0.20000000000000007,,,удов.,Кадастровый № 0406,Госакт № 0406
405,200.0,Канал №200 (Район 407),canal,Канал,Район 407,Сельский округ 407,44.395872,71.247371,,р. Иртыш,0.5,0.684,0.684,,308.0,0.8,0.6,0.20000000000000007,,,удов.,Кадастровый № 0407,Госакт № 0407
406,201.0,Канал №201 (Район 408),canal,Канал,Район 408,Сельский округ 408,42.934401,69.90047,,р. Иртыш,0.2,0.35,0.35,,264.0,0.8,0.6,0.20000000000000007,,,удов.,Кадастровый № 0408,Госакт № 0408
407,202.0,Канал №202 (Район 409),canal,Канал,Район 409,Сельский округ 409,44.111641,73.711476,,р. Иртыш,0.4,3.885,,3.885,481.0,0.8,0.6,0.20000000000000007,,,удов.,Кадастровый № 0409,
408,203.0,Канал №203 (Район 410),canal,Канал,Район 410,Сельский округ 410,44.299733,70.060488,,р. Иртыш,0.37,1.27,1.27,,360.0,0.8,0.6,0.20000000000000007,,,удов.,Кадастровый № 0410,Госакт № 0410
409,204.0,Канал №204 (Район 411),canal,Канал,Район 411,Сельский округ 411,44.653114,70.935086,,р. Иртыш,0.4,4.28,,4.28,310.0,,,,,,удов.,Кадастровый № 0411,Госакт № 0411
410,205.0,Канал №205 (Район 412),canal,Канал,Район 412,Сельский округ 412,44.612929,71.030343,,р. Иртыш,0.1,0.63,0.63,,390.0,0.8,0.6,0.20000000000000007,,,удов.,Кадастровый № 0412,Госакт № 0412
411,206.0,Канал №206 (Район 413),canal,Канал,Район 413,Сельский округ 413,42.887015,72.79736,,р. Иртыш,0.45,1.76,,1.76,236.0,0.8,0.6,0.20000000000000007,,,удов.,Кадастровый № 0413,Госакт № 0413
412,207.0,Канал №207 (Район 414),canal,Канал,Район 414,Сельский округ 414,44.597454,70.35271,1979.0,р. Иртыш,0.65,1.581,1.581,,252.0,0.8,0.6,0.20000000000000007,,47.0,удов.,Кадастровый № 0414,Госакт № 0414
413,208.0,Канал №208 (Район 415),canal,Канал,Район 415,Сельский округ 415,43.704769,73.433256,1979.0,р. Иртыш,0.3,0.664,0.664,,342.0,0.8,0.6,0.20000000000000007,,47.0,удов.,Кадастровый № 0415,Госакт № 0415
414,209.0,Канал №209 (Район 416),canal,Канал,Район 416,Сельский округ 416,42.820099,72.811631,1979.0,р. Иртыш,0.3,0.605,0.605,,295.0,0.8,0.6,0.20000000000000007,,47.0,удов.,Кадастровый № 0416,Госакт № 0416
415,210.0,Канал №210 (Район 417),canal,Канал,Район 417,Сельский округ 417,44.62995,73.997592,1979.0,р. Иртыш,0.3,1.326,,1.326,429.0,0.8,0.6,0.20000000000000007,,47.0,удов.,Кадастровый № 0417,Госакт № 0417
416,211.0,Канал №211 (Район 418),canal,Канал,Район 418,Сельский округ 418,42.892554,71.815428,1979.0,р. Иртыш,0.15,0.808,0.808,,296.0,0.8,0.6,0.20000000000000007,,47.0,удов.,Кадастровый № 0418,Госакт № 0418
417,212.0,Канал №212 (Район 419),canal,Канал,Район 419,Сельский округ 419,43.745221,71.179191,1979.0,р. Иртыш,0.65,2.137,2.137,,486.0,0.8,0.6,0.20000000000000007,,47.0,удов.,Кадастровый № 0419,Госакт № 0419
418,213.0,Канал №213 (Район 420),canal,Канал,Район 420,Сельский округ 420,44.879949,71.347424,1979.0,р. Иртыш,0.4,1.622,1.622,,133.0,0.8,0.6,0.20000000000000007,,47.0,удов.,Кадастровый № 0420,
419,214.0,Канал №214 (Район 421),canal,Канал,Район 421,Сельский округ 421,42.716219,69.678762,1979.0,р. Иртыш,0.3,1.4,1.4,,157.0,0.8,0.6,0.20000000000000007,,47.0,удов.,Кадастровый № 0421,Госакт № 0421
420,215.0,Канал №215 (Район 422),canal,Канал,Район 422,Сельский округ 422,43.969213,69.60257,1979.0,р. Иртыш,0.45,1.632,1.632,,237.0,0.8,0.6,0.20000000000000007,,47.0,удов.,Кадастровый № 0422,Госакт № 0422
421,216.0,Канал №216 (Район 423),canal,Канал,Район 423,Сельский округ 423,43.433077,72.742748,1979.0,р. Иртыш,0.5,1.745,,1.745,100.0,0.8,0.6,0.20000000000000007,,47.0,удов.,Кадастровый № 0423,Госакт № 0423
422,217.0,Канал №217 (Район 424),canal,Канал,Район 424,Сельский округ 424,44.93669,71.519151,1979.0,р. Иртыш,0.2,1.108,1.108,,2.0,0.8,0.6,0.20000000000000007,,47.0,удов.,Кадастровый № 0424,Госакт № 0424
423,218.0,Канал №218 (Район 425),canal,Канал,Район 425,Сельский округ 425,43.942659,69.948581,1979.0,р. Иртыш,0.2,0.481,0.481,,7.0,0.8,0.6,0.20000000000000007,,47.0,удов.,Кадастровый № 0425,Госакт № 0425
424,219.0,Канал №219 (Район 426),canal,Канал,Район 426,Сельский округ 426,43.612194,70.490401,1985.0,р. Иртыш,0.2,1.828,,1.828,44.0,0.8,0.6,0.20000000000000007,,41.0,удов.,Кадастровый № 0426,Госакт № 0426
425,220.0,Канал №220 (Район 427),canal,Канал,Район 427,Сельский округ 427,42.615332,71.221768,1985.0,р. Иртыш,0.4,1.051,,1.051,104.0,0.8,0.6,0.20000000000000007,,41.0,удов.,Кадастровый № 0427,Госакт № 0427
426,221.0,Канал №221 (Район 428),canal,Канал,Район 428,Сельский округ 428,42.651293,72.508131,1985.0,р. Иртыш,0.35,1.004,,1.004,424.0,0.8,0.6,0.20000000000000007,,41.0,удов.,Кадастровый № 0428,Госакт № 0428
427,222.0,Канал №222 (Район 429),canal,Канал,Район 429,Сельский округ 429,44.21228,70.286129,1985.0,р. Иртыш,0.1,0.512,,0.512,65.0,0.8,0.6,0.20000000000000007,,41.0,удов.,Кадастровый № 0429,Госакт № 0429
428,223.0,Канал №223 (Район 430),canal,Канал,Район 430,Сельский округ 430,44.507773,70.159901,1985.0,р. Иртыш,0.2,0.842,,0.842,82.0,0.8,0.6,0.20000000000000007,,41.0,удов.,Кадастровый № 0430,Госакт № 0430
429,224.0,Канал №224 (Район 431),canal,Канал,Район 431,Сельский округ 431,42.938942,73.920902,1985.0,р. Иртыш,0.1,0.843,,0.843,62.0,0.8,0.6,0.20000000000000007,,41.0,удов.,Кадастровый № 0431,Госакт № 0431
430,225.0,Канал №225 (Район 432),canal,Канал,Район 432,Сельский округ 432,42.944315,71.736276,1985.0,р. Иртыш,0.2,1.064,,1.064,400.0,0.8,0.6,0.20000000000000007,,41.0,удов.,Кадастровый № 0432,Госакт № 0432
431,226.0,Канал №226 (Район 433),canal,Канал,Район 433,Сельский округ 433,43.701109,73.233379,1985.0,р. Иртыш,0.4,3.359,3.359,,100.0,0.8,0.6,0.20000000000000007,,41.0,удов.,Кадастровый № 0433,Госакт № 0433
432,227.0,Канал №227 (Район 434),canal,Канал,Район 434,Сельский округ 434,43.280106,70.639061,1985.0,р. Иртыш,0.1,1.117,1.117,,100.0,0.8,0.6,0.20000000000000007,,41.0,удов.,Кадастровый № 0434,Госакт № 0434
433,228.0,Канал №228 (Район 435),canal,Канал,Район 435,Сельский округ 435,43.312423,71.150972,1985.0,р. Иртыш,0.2,1.011,1.011,,100.0,0.8,0.6,0.20000000000000007,,41.0,удов.,Кадастровый № 0435,Госакт № 0435
434,229.0,Канал №229 (Район 436),canal,Канал,Район 436,Сельский округ 436,43.657847,73.944235,1985.0,р. Иртыш,0.1,2.209,2.209,,44.0,0.8,0.6,0.20000000000000007,,41.0,удов.,Кадастровый № 0436,Госакт № 0436
435,230.0,Канал №230 (Район 437),canal,Канал,Район 437,Сельский округ 437,43.213611,73.276343,1985.0,р. Иртыш,0.2,3.97,3.97,,402.0,0.8,0.6,0.20000000000000007,,41.0,удов.,Кадастровый № 0437,Госакт № 0437
436,231.0,Канал №231 (Район 438),canal,Канал,Район 438,Сельский округ 438,43.918817,70.052979,1985.0,р. Иртыш,0.2,2.923,2.923,,64.0,0.8,0.6,0.20000000000000007,,41.0,удов.,Кадастровый № 0438,Госакт № 0438
437,232.0,Канал №232 (Район 439),canal,Канал,Район 439,Сельский округ 439,44.904349,73.592599,1985.0,р. Иртыш,0.2,0.947,0.947,,200.0,0.8,0.6,0.20000000000000007,,41.0,удов.,Кадастровый № 0439,Госакт № 0439
438,233.0,Канал №233 (Район 440),canal,Канал,Район 440,Сельский округ 440,42.592569,71.449108,1985.0,р. Иртыш,0.2,2.219,2.219,,500.0,0.8,0.5,0.30000000000000004,,41.0,удов.,Кадастровый № 0440,Госакт № 0440
